rep,heat_enabled,transmitter_bit_orig,transmitter_bit_pred,ctrl_0_ro_0,ctrl_0_ro_1,ctrl_0_ro_2,ctrl_0_ro_3,ctrl_0_ro_4,ctrl_1_ro_0,ctrl_1_ro_1,ctrl_1_ro_2,ctrl_1_ro_3,ctrl_1_ro_4,ctrl_2_ro_0,ctrl_2_ro_1,ctrl_2_ro_2,ctrl_2_ro_3,ctrl_2_ro_4,ctrl_3_ro_0,ctrl_3_ro_1,ctrl_3_ro_2,ctrl_3_ro_3,ctrl_3_ro_4
0,31,1,1,6711600,6686800,6566809,6608699,6543386,6593605,6587410,6566507,6647373,6537409,6639252,6577260,6491768,6602385,6576740,6505438,6545485,6501423,6523221,6405420
1,0,1,1,6725644,6700994,6580579,6624390,6557692,6607625,6602278,6580520,6662304,6553132,6654859,6592494,6507198,6617295,6592110,6521726,6560623,6516275,6538333,6419851
2,31,1,1,6713224,6687458,6568600,6611792,6544425,6595405,6589380,6568422,6649566,6540413,6641363,6579237,6494831,6604454,6578541,6508680,6547207,6503260,6525567,6407076
3,0,1,1,6725429,6699174,6579851,6623365,6555796,6607731,6601129,6580496,6661002,6552245,6653650,6591187,6507066,6616143,6590112,6521944,6559601,6515056,6537676,6419065
4,31,1,1,6712200,6686306,6567482,6610800,6543191,6595417,6588602,6568101,6648489,6539319,6639972,6578240,6493516,6603522,6577614,6508974,6546649,6501985,6524973,6406230
5,0,1,1,6725303,6699448,6580235,6624385,6556265,6608174,6600880,6581320,6661229,6552653,6653378,6591209,6506284,6616253,6590606,6522522,6560743,6515905,6538392,6419486
6,31,1,1,6712727,6687379,6568191,6612022,6543888,6596231,6588172,6568115,6648151,6539585,6640358,6578736,6494122,6603525,6577346,6509438,6547660,6502578,6525434,6406268
7,0,1,1,6725850,6700027,6579863,6623994,6556415,6608546,6601355,6580400,6661557,6552442,6653026,6591033,6507331,6616953,6590527,6522948,6561037,6515435,6539141,6418946
8,31,1,1,6713704,6687514,6567551,6612082,6543834,6595922,6589500,6568236,6648934,6539515,6640125,6578739,6494857,6604788,6578031,6510240,6547408,6502851,6525889,6406107
9,0,1,1,6726418,6700361,6580122,6624720,6556486,6609445,6602495,6580866,6661420,6552691,6653147,6590772,6507245,6617278,6590393,6523520,6560137,6515441,6538927,6418942
10,31,1,1,6714634,6687579,6567828,6612106,6543840,6596329,6590280,6567857,6648900,6539563,6640225,6578242,6494241,6604852,6577306,6509812,6547832,6502214,6525815,6406205
11,0,1,1,6726344,6699633,6580351,6624716,6556414,6608495,6602882,6580591,6661780,6552507,6653167,6590586,6506475,6617680,6590232,6522987,6560697,6515827,6539163,6418743
12,31,1,1,6712087,6687770,6568146,6611957,6543757,6595497,6590006,6568022,6648859,6539610,6639775,6578019,6494436,6604871,6577075,6509497,6546725,6502381,6525674,6406323
13,0,1,1,6725871,6700288,6581089,6625088,6556618,6609444,6602619,6580743,6662225,6552147,6654089,6590386,6507602,6618789,6591063,6522465,6560880,6516212,6538610,6419520
14,31,1,1,6713893,6688348,6569100,6612323,6544728,6596500,6590229,6567909,6649025,6539756,6641225,6578040,6494990,6606293,6578519,6509667,6547449,6502890,6526187,6407408
15,0,1,1,6726155,6700508,6580754,6624827,6556665,6608565,6601622,6580810,6660509,6551326,6653941,6590751,6506965,6618014,6590544,6522173,6560259,6515347,6538060,6419624
16,31,1,1,6714492,6688913,6569062,6612558,6544457,6596142,6589860,6568417,6649077,6539763,6641620,6578656,6494170,6605497,6578351,6509406,6547777,6503171,6525949,6407091
17,0,1,1,6726698,6700789,6580941,6625662,6556896,6608327,6602176,6580590,6661750,6552509,6654449,6590755,6506281,6617637,6590710,6521956,6560738,6516109,6538296,6418853
18,31,1,1,6714878,6688355,6568762,6613182,6544849,6595814,6590098,6568148,6649347,6539363,6641239,6578073,6494330,6604746,6577628,6509607,6547733,6503296,6525523,6406648
19,0,1,1,6726564,6699898,6581124,6625636,6556740,6608344,6602609,6580506,6661727,6552212,6653594,6591278,6507031,6617329,6590404,6522276,6561064,6516347,6537898,6418549
20,31,1,1,6713623,6687412,6568442,6612913,6544379,6595610,6589746,6568264,6648939,6540193,6640119,6578274,6494302,6604977,6577832,6509144,6547778,6503209,6525321,6405551
21,0,1,1,6726305,6700601,6581458,6625740,6557197,6608450,6603405,6581129,6662310,6553194,6653508,6591063,6506576,6618577,6591368,6523026,6561478,6516303,6539489,6419023
22,31,1,1,6713715,6687690,6569460,6613424,6545054,6595835,6590502,6568009,6649438,6539764,6640091,6578476,6494213,6605082,6577333,6509379,6546811,6502659,6526604,6406449
23,0,1,1,6725397,6700240,6580762,6625738,6556618,6608290,6602237,6580434,6661700,6552063,6652754,6590440,6506224,6617342,6590610,6521833,6559407,6515610,6539061,6418192
24,31,1,1,6712783,6687895,6568305,6612926,6543996,6595741,6589537,6568307,6648831,6539446,6640005,6577558,6494320,6604646,6578091,6508620,6547155,6502682,6526558,6405990
25,0,1,1,6725673,6700784,6581867,6625155,6556406,6608398,6603086,6580915,6662026,6551880,6653021,6591099,6507417,6617544,6591491,6522058,6561404,6516282,6539389,6419161
26,31,1,1,6713200,6688295,6569756,6612927,6543899,6595651,6590240,6568540,6648899,6539758,6640207,6578389,6494331,6604884,6577891,6508487,6548776,6503089,6525938,6406418
27,0,1,1,6725400,6699788,6581173,6624934,6556147,6607772,6602097,6580468,6661071,6551819,6652846,6590305,6506851,6617605,6590020,6521120,6560442,6515714,6538577,6418687
28,31,1,1,6713361,6687635,6569322,6612497,6544378,6594731,6590120,6568273,6648354,6539225,6640073,6578026,6494742,6605313,6577927,6508132,6547898,6503451,6525734,6406692
29,0,1,1,6725430,6700097,6581294,6625119,6556248,6606614,6601899,6580534,6660808,6551751,6652812,6589847,6506549,6617871,6589764,6521275,6560598,6515785,6538506,6418675
30,31,1,1,6713174,6687822,6568799,6612184,6543886,6594316,6589751,6568621,6648002,6538832,6639666,6577110,6493810,6604635,6577137,6507822,6546897,6502331,6525614,6405899
31,0,1,1,6726452,6701588,6581680,6624723,6556642,6607651,6602490,6580989,6661554,6551684,6652989,6590916,6506973,6618583,6591086,6521705,6560418,6515992,6539067,6420013
32,31,1,1,6712892,6687647,6568108,6611249,6543255,6594469,6588570,6567688,6647552,6537807,6639019,6577116,6493413,6604486,6576913,6507885,6545835,6502588,6524463,6405895
33,0,1,1,6726142,6700505,6580839,6624775,6556788,6607596,6601644,6580317,6660771,6551298,6652374,6590136,6506525,6617061,6590262,6521186,6559881,6515679,6538284,6418455
34,31,1,1,6714125,6687634,6569273,6613363,6545888,6595822,6590082,6568227,6648464,6538943,6640426,6578149,6494602,6605745,6577568,6508708,6547892,6503461,6526068,6406590
35,0,1,1,6726227,6699256,6580954,6625215,6557439,6608035,6601707,6580403,6661446,6550964,6653033,6590280,6505813,6618158,6590297,6520783,6560140,6515691,6537962,6418341
36,31,1,1,6713275,6686697,6568370,6611857,6544222,6594718,6588581,6567721,6648650,6538120,6640278,6577296,6493477,6604634,6576145,6507855,6547553,6502278,6524411,6405992
37,0,1,1,6725384,6699162,6580643,6624296,6556476,6607279,6601033,6579323,6661433,6550975,6653233,6589602,6506789,6616936,6588871,6520495,6560305,6514930,6537759,6419108
38,31,1,1,6713472,6687028,6569002,6611845,6543363,6594542,6589410,6567079,6648327,6537959,6640105,6576855,6493935,6604320,6576628,6508098,6546655,6502449,6524702,6406312
39,0,1,1,6725417,6699526,6581232,6623703,6555754,6606969,6602061,6579739,6660914,6550493,6652890,6589135,6506087,6616884,6588739,6521158,6559326,6515037,6537352,6417989
40,31,1,1,6713831,6687365,6569219,6612549,6543444,6595022,6589712,6568198,6648695,6538728,6640525,6577403,6494136,6603839,6577415,6508913,6547043,6503382,6524704,6406295
41,0,1,1,6724823,6699147,6581103,6624331,6556160,6607651,6602347,6581059,6661523,6551460,6653913,6590631,6506774,6616800,6590992,6521837,6560106,6516276,6537538,6418329
42,31,1,1,6712438,6686622,6568084,6612060,6543703,6594599,6588910,6568022,6648510,6538261,6640645,6577746,6494146,6603420,6577160,6508294,6547664,6502978,6524731,6405603
43,0,1,1,6725046,6699786,6580150,6624851,6555491,6606757,6602020,6579717,6660626,6551308,6653390,6590068,6505981,6615801,6589605,6520683,6559965,6514522,6537650,6417732
44,31,1,1,6713330,6687984,6568620,6612982,6543987,6595246,6589336,6567375,6648646,6539246,6640691,6578225,6494301,6603722,6578659,6508344,6547587,6501849,6525366,6405240
45,0,1,1,6724944,6700091,6580830,6625338,6555862,6606810,6601471,6580165,6661444,6551928,6653918,6590775,6506556,6617242,6590723,6521363,6560188,6515252,6537846,6417549
46,31,1,1,6713255,6687891,6569099,6612443,6544151,6594976,6589332,6567644,6648807,6539972,6641394,6578084,6494331,6604980,6578694,6508208,6547653,6502203,6524937,6405293
47,0,1,1,6725395,6699795,6580635,6624322,6555898,6607310,6601714,6579344,6661136,6551712,6653783,6590444,6506140,6615936,6590036,6521050,6560391,6514497,6536810,6417638
48,31,1,1,6713541,6688661,6569262,6613104,6545106,6595408,6590272,6568246,6649209,6539511,6641099,6578684,6494360,6603825,6577829,6508356,6547183,6502260,6525241,6406140
49,0,1,1,6724852,6699290,6580530,6625174,6556749,6606711,6602065,6579908,6661332,6551297,6653242,6590678,6506342,6616810,6589821,6521177,6559311,6514283,6538100,6417911
50,31,1,1,6712195,6686658,6568769,6613192,6544335,6594365,6589255,6567653,6648305,6538760,6640005,6578166,6493762,6603879,6576773,6508779,6547423,6502114,6525166,6405410
51,0,1,1,6725504,6699155,6581208,6625620,6556606,6606974,6601796,6580449,6660882,6552116,6653795,6591250,6506280,6616371,6590167,6521840,6559657,6515256,6538123,6418286
52,31,1,1,6712346,6686343,6568782,6612678,6544107,6594550,6589809,6567456,6647598,6539534,6640237,6578417,6493515,6603368,6577102,6508700,6546291,6501973,6524975,6405269
53,0,1,1,6725562,6699743,6581859,6625794,6556501,6607843,6601723,6580030,6660507,6552952,6653872,6590945,6506179,6617013,6590344,6521641,6560249,6515298,6538567,6418788
54,31,1,1,6713844,6688665,6569463,6613205,6544882,6594990,6589640,6568547,6648906,6540137,6640636,6578861,6494663,6605167,6578034,6509540,6547756,6502086,6525729,6406308
55,0,1,1,6725787,6700615,6581315,6624975,6556999,6607456,6601891,6580399,6660597,6552431,6653184,6591099,6507025,6617450,6591221,6521782,6559500,6515159,6538296,6418528
56,31,1,1,6713330,6688010,6569579,6612488,6545422,6594825,6589300,6567820,6648275,6539765,6639738,6578438,6493273,6604863,6577539,6508194,6546376,6502242,6525155,6405958
57,0,1,1,6725368,6699560,6581010,6624658,6557258,6606885,6601199,6580459,6661616,6552229,6652873,6591368,6505461,6617321,6590015,6521526,6559112,6515159,6538497,6419181
58,31,1,1,6713762,6687419,6569073,6612178,6545123,6594595,6589175,6567993,6648808,6539190,6639912,6578423,6492343,6604493,6576523,6509012,6547067,6502950,6525605,6406126
59,0,1,1,6725660,6699159,6581120,6624478,6556705,6606726,6601931,6579833,6660867,6551163,6652418,6590831,6505303,6616701,6589702,6522141,6559378,6515353,6537691,6418367
60,31,1,1,6713897,6687299,6569377,6612766,6544643,6594719,6589351,6567678,6648524,6538887,6639107,6578819,6494013,6604810,6578217,6509290,6546291,6502798,6524777,6405879
61,0,1,1,6726090,6700070,6581400,6624844,6556620,6606415,6602108,6580113,6661351,6552284,6652412,6590748,6505871,6617070,6591329,6522342,6559166,6515266,6538017,6418570
62,31,1,1,6714346,6687177,6569446,6613073,6545064,6594773,6589291,6567941,6648753,6539411,6640316,6578840,6494076,6604145,6578857,6509807,6546747,6503082,6525901,6406398
63,0,1,1,6727325,6700772,6582681,6625796,6556882,6607737,6601874,6581209,6661355,6552573,6653601,6591206,6506702,6617430,6591007,6522908,6560112,6516587,6538824,6419597
64,31,1,1,6714441,6687609,6569648,6612934,6544108,6593738,6589119,6567997,6648290,6539166,6640138,6577993,6494003,6603957,6577999,6509132,6546561,6502697,6525375,6406504
65,0,1,1,6726743,6699913,6581423,6625076,6556452,6606178,6601878,6580388,6661304,6551744,6652338,6590339,6505587,6616660,6590096,6522095,6559918,6515210,6538555,6420029
66,31,1,1,6713488,6686350,6568419,6612108,6544009,6593171,6588655,6566857,6648103,6538762,6638525,6577014,6492568,6603771,6577738,6508680,6546240,6502203,6525008,6406883
67,0,1,1,6726273,6699740,6581196,6624923,6555574,6606608,6601389,6579340,6661244,6552190,6653387,6590286,6506208,6615772,6590440,6521975,6559401,6515479,6538667,6419691
68,31,1,1,6713419,6686872,6568230,6611452,6543124,6593637,6589160,6566173,6648528,6538144,6639678,6577200,6493081,6602756,6577846,6508691,6546336,6501861,6525072,6406201
69,0,1,1,6725823,6698850,6579932,6623018,6555723,6605721,6601469,6579006,6661153,6551137,6652138,6589780,6505783,6615120,6590685,6521423,6559497,6515379,6537732,6419304
70,31,1,1,6714081,6686949,6568958,6611480,6543872,6593653,6588736,6567107,6648787,6538929,6639800,6577884,6493767,6603102,6578323,6509097,6546612,6502993,6525015,6407180
71,0,1,1,6726125,6698641,6580493,6623488,6555510,6605170,6601068,6579548,6660176,6551076,6652485,6589846,6505489,6615521,6590666,6521138,6558861,6514840,6537306,6419184
72,31,1,1,6714429,6686279,6568921,6611020,6544048,6593629,6588250,6566832,6647881,6538748,6639591,6577781,6493446,6603405,6578274,6509160,6547338,6502436,6525035,6406524
73,0,1,1,6727620,6699741,6582287,6624875,6557569,6606917,6602539,6579731,6661408,6553208,6654365,6591608,6507406,6618160,6591917,6523328,6561212,6516670,6538716,6419428
74,31,1,1,6714749,6687041,6569691,6611826,6545083,6593942,6589399,6566391,6648879,6540068,6640956,6578088,6494344,6605125,6578480,6509957,6547497,6503127,6525218,6406051
75,0,1,1,6727255,6699281,6582548,6624295,6556950,6606326,6601911,6580154,6661212,6553270,6654409,6591309,6506835,6617131,6590922,6523239,6560528,6516241,6538716,6418514
76,31,1,1,6714413,6687042,6569461,6611518,6543831,6594512,6589464,6567316,6647853,6540170,6641599,6578064,6494396,6604284,6578802,6510001,6547537,6502930,6525569,6405584
77,0,1,1,6727362,6700137,6582002,6624488,6556170,6607576,6602410,6580807,6660883,6552570,6654696,6591316,6507917,6617759,6591890,6523148,6561015,6516826,6538654,6419361
78,31,1,1,6713661,6686840,6569110,6610818,6542342,6593440,6589186,6567404,6647368,6539149,6640985,6577642,6494337,6604224,6577177,6508900,6546961,6502113,6524497,6406028
79,0,1,1,6726303,6699207,6580871,6623624,6554733,6605865,6601653,6579683,6659868,6551907,6653122,6590794,6506527,6616427,6590443,6521954,6559093,6515415,6537107,6418416
80,31,1,1,6713269,6686664,6568691,6610865,6542831,6593367,6588858,6566954,6647396,6538621,6640114,6578248,6494284,6603144,6577329,6508577,6546356,6502141,6524874,6406040
81,0,1,1,6725672,6699482,6581688,6623729,6555734,6606625,6601821,6580107,6660250,6551628,6653763,6591410,6506951,6616701,6590392,6522120,6559691,6515201,6537286,6419152
82,31,1,1,6713974,6687229,6569182,6611889,6543450,6594587,6590107,6567504,6647934,6539611,6641183,6578980,6494131,6605002,6578145,6509545,6546323,6502815,6524551,6407039
83,0,1,1,6726433,6699373,6581245,6623601,6555494,6606728,6602041,6579896,6659930,6552213,6653931,6591199,6505912,6616710,6591107,6522044,6559954,6515772,6537190,6418925
84,31,1,1,6713716,6686272,6568353,6610535,6542577,6594595,6589479,6567389,6646692,6538497,6640232,6578127,6493091,6603605,6577768,6508640,6546499,6502378,6524063,6405749
85,0,1,1,6725996,6699878,6580999,6623570,6555775,6607555,6602568,6579965,6660539,6552975,6653472,6591455,6505577,6617105,6590695,6523347,6560028,6516313,6536682,6418082
86,31,1,1,6714675,6688696,6569791,6612179,6544374,6596078,6590831,6567761,6648779,6540677,6641331,6579310,6494284,6605617,6578601,6510345,6547130,6503594,6524963,6406113
87,0,1,1,6726557,6700446,6581443,6624579,6555481,6607835,6603371,6580625,6661162,6553326,6653740,6591288,6506842,6617377,6591880,6522942,6559816,6516206,6537423,6419206
88,31,1,1,6713933,6688057,6569267,6612006,6543603,6595610,6590807,6567925,6648610,6539707,6640390,6578925,6495278,6605429,6579012,6510424,6547724,6503849,6524735,6406612
89,0,1,1,6725928,6699576,6581089,6624201,6555753,6607514,6603098,6580211,6660864,6552143,6653228,6591376,6507146,6617232,6591322,6522766,6560419,6516089,6537527,6418870
90,31,1,1,6714218,6688872,6569514,6613413,6544754,6596038,6591564,6568452,6648909,6540442,6641252,6579332,6495602,6604983,6579109,6510674,6548585,6503782,6525939,6407289
91,0,1,1,6725992,6700856,6581395,6624692,6556786,6607482,6603566,6580422,6661729,6551929,6653704,6591289,6507313,6617032,6591249,6523593,6559809,6516118,6538634,6418736
92,31,1,1,6713841,6687890,6569246,6611395,6543516,6594613,6590980,6567599,6648593,6539736,6639550,6578444,6494155,6604303,6578326,6509900,6546691,6502675,6525056,6405754
93,0,1,1,6725114,6699904,6581352,6623425,6555355,6606196,6602861,6579637,6660681,6552502,6652248,6590435,6506725,6616773,6590497,6522594,6559442,6515365,6537054,6417679
94,31,1,1,6713824,6688455,6569546,6611743,6543966,6594674,6590679,6567803,6647873,6540346,6640306,6578924,6494949,6604589,6579086,6510149,6547057,6503102,6525250,6405899
95,0,1,1,6725794,6700541,6580731,6623835,6555632,6607091,6603010,6580379,6660346,6553274,6652955,6591280,6507139,6617233,6591228,6522749,6559733,6515590,6538164,6418504
96,31,1,1,6713081,6688122,6568167,6611844,6543848,6595098,6591583,6568609,6648419,6540203,6640906,6578732,6494608,6605228,6578205,6510368,6546433,6503104,6525579,6406399
97,0,1,1,6726163,6700198,6580461,6624462,6555553,6607477,6604086,6580070,6661368,6552518,6652967,6591126,6506801,6617894,6590383,6522947,6559198,6515154,6538164,6418825
98,31,1,1,6713301,6687501,6567709,6612083,6543112,6594313,6590456,6566768,6648153,6539450,6639559,6578361,6493815,6605115,6577893,6509793,6545932,6502366,6524768,6406065
99,0,1,1,6725489,6699405,6579825,6623713,6555887,6607328,6601904,6579418,6660488,6551872,6652989,6591069,6506377,6617895,6590658,6522780,6558141,6515914,6537817,6418703
100,31,1,1,6713892,6688143,6568615,6612334,6544372,6595938,6590744,6568089,6648408,6540002,6640562,6579453,6494245,6605348,6578897,6509904,6546363,6502699,6525891,6406685
101,0,1,1,6726163,6699585,6580064,6623331,6556397,6607523,6602448,6579370,6659651,6552635,6652728,6591199,6505931,6616394,6590397,6522476,6559469,6514924,6537705,6419532
102,31,1,1,6713057,6686860,6567291,6610718,6542831,6594432,6588983,6566266,6646874,6538653,6640101,6577983,6492969,6604164,6576949,6508534,6545039,6501862,6523701,6406028
103,0,1,1,6726553,6700022,6581210,6624231,6555478,6607349,6601853,6579979,6659542,6552830,6653720,6591471,6506284,6617793,6590901,6522761,6558957,6515486,6537894,6419636
104,31,1,1,6713450,6687875,6568463,6611671,6543954,6595104,6589543,6567113,6647176,6539851,6640028,6578816,6493586,6604885,6578419,6509311,6546570,6502276,6524226,6406785
105,0,1,1,6726038,6699917,6580896,6624704,6556390,6607994,6602368,6579634,6660521,6553052,6653060,6591623,6507327,6618054,6591960,6522171,6560076,6515635,6537358,6419597
106,31,1,1,6712815,6686739,6568390,6611856,6543151,6594997,6589146,6566956,6647106,6539092,6639917,6577918,6493739,6604670,6578819,6508410,6546470,6501807,6523874,6406212
107,0,1,1,6725190,6698893,6580293,6623660,6555040,6606314,6601194,6579302,6659619,6551712,6652212,6590396,6505953,6617257,6590510,6521175,6558989,6514811,6536454,6418865
108,31,1,1,6713237,6687625,6568690,6612050,6543021,6595160,6589843,6567885,6648331,6539703,6640553,6578909,6494699,6605705,6578178,6508513,6547030,6502542,6524781,6406838
109,0,1,1,6725380,6699463,6580080,6624572,6555467,6606918,6602206,6580033,6660584,6552455,6652558,6590929,6507272,6618089,6590423,6520835,6559750,6515449,6537640,6419025
110,31,1,1,6712733,6687295,6567551,6612062,6543305,6594638,6589471,6566597,6647377,6540241,6639568,6578182,6494271,6604757,6577525,6508119,6546531,6502378,6524716,6406312
111,0,1,1,6725915,6700232,6580314,6623834,6556281,6607433,6602436,6579692,6660268,6553043,6653108,6591241,6507006,6617222,6590914,6521473,6559508,6515905,6537943,6419338
112,31,1,1,6713852,6688467,6568260,6611684,6544770,6594953,6590357,6568439,6648820,6540577,6640547,6578739,6494894,6605041,6579004,6509221,6546892,6502919,6525523,6407060
113,0,1,1,6725854,6700592,6580182,6624575,6556953,6606646,6602236,6580305,6661209,6553016,6653113,6591036,6507137,6617073,6589909,6522126,6559295,6515808,6538249,6419305
114,31,1,1,6713053,6687901,6568224,6612231,6545144,6594214,6590401,6567803,6648868,6539861,6641166,6578963,6494722,6604835,6577630,6509204,6546984,6503012,6525519,6407134
115,0,1,1,6725972,6700605,6580428,6624452,6557040,6607905,6603060,6580303,6661504,6553458,6653946,6591637,6507121,6618795,6591468,6522820,6560027,6516509,6537855,6420493
116,31,1,1,6714031,6688716,6568159,6611901,6545324,6595288,6590254,6567979,6649107,6540972,6641268,6579160,6494605,6605917,6579232,6509646,6547595,6503715,6525185,6407760
117,0,1,1,6726310,6700200,6579690,6623835,6556801,6607507,6601887,6579729,6660659,6552313,6653328,6591353,6506536,6617299,6590890,6521639,6560220,6515307,6537657,6419328
118,31,1,1,6714390,6688439,6567836,6612033,6545203,6595716,6590848,6568278,6649139,6541266,6640932,6579165,6494909,6605773,6578948,6509569,6546894,6503489,6525254,6406882
119,0,1,1,6727648,6701477,6581046,6624595,6557696,6608100,6603315,6579830,6661661,6553854,6654084,6591735,6507800,6617911,6590914,6522828,6560114,6516569,6537745,6419385
120,31,1,1,6714042,6688392,6568084,6611061,6544167,6595340,6590235,6567236,6647718,6540760,6640622,6578848,6494206,6604334,6577756,6509501,6546659,6503124,6524925,6406174
121,0,1,1,6726041,6701107,6580345,6623713,6556500,6607813,6602943,6580209,6661184,6553937,6653967,6591414,6506841,6617266,6591506,6522248,6559278,6516882,6538063,6418892
122,31,1,1,6713683,6689580,6569295,6611741,6544791,6596021,6590583,6568561,6649008,6541609,6641164,6579247,6494469,6605316,6578508,6509753,6546563,6504143,6525695,6407854
123,0,1,1,6726249,6700280,6580779,6623350,6555751,6607548,6603202,6580386,6661760,6553352,6653765,6590351,6506246,6616959,6591113,6522538,6558848,6516181,6538053,6418923
124,31,1,1,6713873,6687667,6568473,6611196,6544745,6595481,6590648,6567972,6648992,6541688,6641177,6578240,6493375,6604708,6578591,6509230,6546658,6503419,6525432,6406352
125,0,1,1,6726375,6701239,6580564,6624174,6557386,6608118,6603105,6580398,6662127,6554220,6653856,6591492,6506990,6617717,6591487,6522887,6559390,6516448,6538333,6419230
126,31,1,1,6714360,6688887,6569321,6611499,6545702,6596284,6591543,6568979,6649376,6541251,6641167,6579308,6495102,6604982,6580261,6510287,6545890,6503946,6525984,6407036
127,0,1,1,6726525,6700670,6581457,6623581,6557236,6607997,6602965,6580462,6661281,6553106,6653508,6590916,6506720,6617057,6591281,6522943,6558582,6515575,6537883,6418764
128,31,1,1,6714680,6688668,6568628,6610963,6544901,6595332,6590931,6568332,6649152,6539972,6640712,6579129,6494587,6604880,6578592,6509533,6545757,6502698,6525377,6406088
129,0,1,1,6726932,6701113,6580044,6623412,6557070,6607864,6603464,6581103,6661355,6553239,6653563,6591760,6506855,6617170,6590615,6522606,6558797,6515968,6538037,6419186
130,31,1,1,6714202,6687793,6567233,6610011,6543516,6594408,6590303,6567726,6647959,6539564,6640040,6578449,6494004,6604354,6576724,6508486,6545748,6502386,6524260,6405918
131,0,1,1,6726556,6700242,6580063,6623223,6557002,6607101,6603181,6580855,6660810,6552065,6653522,6591091,6506466,6617700,6590448,6521669,6559956,6514992,6537844,6418581
132,31,1,1,6714369,6688261,6568456,6611675,6545318,6594650,6590683,6568693,6648761,6539061,6640596,6578823,6494130,6605249,6576402,6509075,6547530,6502801,6525516,6406765
133,0,1,1,6726671,6700521,6579927,6623916,6557805,6606857,6602845,6580280,6661084,6551820,6653084,6591231,6506117,6618139,6589429,6521861,6560291,6515538,6537776,6418834
134,31,1,1,6714248,6687848,6567157,6611544,6544773,6594139,6590952,6567674,6648237,6539818,6639280,6578410,6494243,6604882,6576727,6509136,6546827,6503161,6524678,6405789
135,0,1,1,6725966,6700396,6579781,6623873,6557237,6606674,6602987,6580255,6660502,6552131,6652888,6591102,6506682,6616939,6589345,6521800,6559274,6515643,6537697,6419071
136,31,1,1,6713167,6688243,6567596,6611154,6544787,6594803,6591064,6567646,6647857,6539661,6640345,6578174,6494235,6604655,6577340,6509572,6547185,6503318,6525171,6406698
137,0,1,1,6724916,6699875,6580647,6622947,6557425,6606715,6602722,6580189,6660465,6551912,6652112,6590741,6506720,6616709,6589777,6521819,6559523,6515650,6538348,6418954
138,31,1,1,6714168,6688240,6568831,6611946,6545551,6595031,6591571,6568754,6648908,6540801,6640560,6578497,6494928,6604566,6577852,6509570,6547618,6503242,6525934,6407007
139,0,1,1,6726972,6700059,6580205,6624252,6556411,6606979,6603264,6580072,6661015,6552526,6653429,6590912,6506598,6616684,6590430,6522378,6560448,6515334,6538512,6419675
140,31,1,1,6713470,6686782,6567518,6610862,6544163,6593390,6590489,6567263,6647363,6539659,6639219,6577816,6493403,6603252,6576326,6509201,6545422,6502618,6524613,6406211
141,0,1,1,6726752,6700185,6580694,6623902,6557114,6606969,6604564,6580374,6660716,6553218,6653291,6591515,6506735,6617403,6590164,6522876,6559872,6516200,6538611,6419366
142,31,1,1,6713424,6687378,6567372,6611309,6543530,6593719,6591121,6567069,6647598,6539963,6639831,6577764,6493030,6603707,6576488,6508460,6545466,6501137,6524695,6405701
143,0,1,1,6725830,6700151,6580239,6623959,6556250,6606471,6603419,6580019,6661266,6552974,6653254,6590759,6505976,6616363,6589422,6521372,6559299,6514452,6537389,6419007
144,31,1,1,6713652,6687247,6567717,6611194,6543762,6594275,6590568,6567835,6648077,6540096,6640218,6578112,6493897,6604302,6577171,6508668,6546972,6502808,6524775,6406172
145,0,1,1,6725506,6699238,6579315,6622995,6555380,6606552,6602932,6579391,6660502,6552871,6653015,6590197,6506011,6615750,6589713,6521855,6560174,6514897,6536903,6417924
146,31,1,1,6714222,6688278,6568005,6610917,6544195,6594533,6591102,6568085,6648684,6540656,6640351,6577909,6493959,6604163,6578118,6509521,6547187,6502673,6525493,6406480
147,0,1,1,6726304,6699988,6579690,6623578,6555904,6606883,6602850,6579622,6661139,6552772,6653290,6590457,6506008,6616191,6590302,6521978,6559639,6515325,6538161,6418775
148,31,1,1,6713724,6687414,6567862,6611288,6544478,6594770,6590928,6567449,6648000,6541243,6640418,6578024,6493378,6603773,6577297,6509412,6547274,6502555,6525149,6406966
149,0,1,1,6727135,6700345,6580373,6624415,6556929,6607864,6603834,6580353,6661603,6553620,6653710,6590920,6506513,6617255,6590775,6522529,6560873,6515900,6538069,6419721
150,31,1,1,6713464,6686732,6567168,6611347,6543679,6594306,6590103,6566640,6648575,6540206,6640228,6578141,6493019,6604043,6576655,6508744,6546689,6501707,6524788,6406277
151,0,1,1,6727100,6701051,6580696,6625260,6556587,6607757,6604280,6580153,6661961,6553764,6654035,6591514,6506587,6617899,6590475,6523107,6560526,6516153,6538675,6419525
152,31,1,1,6714113,6688354,6567411,6611768,6543510,6594756,6590714,6566984,6648522,6540144,6640211,6579076,6493455,6604601,6576241,6509255,6546873,6502465,6525145,6406558
153,0,1,1,6726854,6700674,6579915,6623419,6556260,6607132,6604010,6579851,6661999,6553142,6653239,6591624,6505319,6617140,6589874,6522312,6560072,6515336,6538089,6419045
154,31,1,1,6714594,6688409,6567737,6611446,6544056,6594427,6591180,6567816,6649466,6540484,6640166,6578970,6493340,6605072,6576912,6509128,6547333,6502161,6525329,6407218
155,0,1,1,6726513,6700059,6579726,6623966,6556081,6606721,6603631,6579787,6661686,6552736,6653436,6591558,6505531,6617475,6590410,6522068,6558681,6515419,6538068,6419775
156,31,1,1,6713583,6687179,6567474,6611120,6544012,6594008,6591701,6567826,6648577,6540367,6640308,6579068,6493290,6604943,6578455,6509063,6545777,6503018,6525137,6406614
157,0,1,1,6726373,6699872,6579532,6623162,6556059,6606856,6603486,6580153,6661650,6553192,6653725,6591143,6505850,6616914,6591066,6521709,6558888,6515810,6538141,6418879
158,31,1,1,6713714,6687666,6566948,6611168,6543738,6594242,6591489,6567865,6648614,6539977,6640623,6578730,6493318,6604357,6578672,6508810,6546015,6502867,6525526,6405985
159,0,1,1,6725722,6699371,6578986,6623579,6555794,6606562,6603878,6579243,6661123,6553011,6653691,6590882,6505416,6616487,6591191,6521840,6558618,6515254,6538150,6418771
160,31,1,1,6713543,6686489,6566357,6611670,6543147,6594717,6590979,6566187,6648846,6540228,6640276,6577641,6492258,6604045,6578066,6509006,6545424,6502640,6524876,6406587
161,0,1,1,6726141,6699625,6579066,6623952,6555817,6607305,6603293,6579877,6662161,6552685,6653446,6590735,6505250,6616579,6590361,6521702,6560252,6515564,6537663,6419240
162,31,1,1,6713669,6688004,6567129,6610619,6543359,6594662,6590672,6567290,6649507,6540479,6640701,6577975,6493292,6603069,6578279,6509019,6547238,6502480,6524844,6406909
163,0,1,1,6726136,6699956,6579671,6623917,6555658,6607083,6603669,6580312,6662065,6553361,6654010,6591547,6506137,6617146,6591195,6522133,6560344,6515465,6538804,6419153
164,31,1,1,6713021,6688015,6567344,6610960,6543887,6593843,6590839,6567629,6648636,6539914,6640803,6578500,6492708,6603925,6577682,6508792,6546604,6502128,6525576,6406701
165,0,1,1,6726208,6701045,6579992,6624860,6557495,6607463,6603796,6580571,6661847,6553632,6654999,6591199,6506161,6617462,6591500,6522073,6559730,6515958,6538999,6420553
166,31,1,1,6713565,6687365,6567072,6611119,6543889,6594377,6590101,6566886,6648138,6539705,6640881,6577342,6492799,6603829,6578141,6507805,6546631,6502491,6524147,6406767
167,0,1,1,6726650,6700884,6579564,6624211,6557350,6608341,6603079,6580076,6661339,6553627,6655196,6590866,6505739,6617210,6591604,6521756,6560967,6516161,6538323,6419432
168,31,1,1,6714151,6688951,6567680,6612412,6545030,6595465,6591364,6568561,6649411,6541010,6642114,6578765,6493152,6604758,6578882,6508758,6547793,6504081,6525695,6407246
169,0,1,1,6725467,6700411,6579472,6623652,6557330,6607892,6603387,6579964,6660895,6553002,6654347,6591292,6505676,6616039,6591272,6521907,6560495,6515855,6537707,6419179
170,31,1,1,6712565,6687896,6567572,6611088,6544840,6594952,6591321,6567530,6648480,6540024,6641015,6577912,6492602,6603944,6577743,6508486,6547208,6502610,6524601,6405798
171,0,1,1,6725528,6700387,6579793,6623554,6556282,6607341,6603381,6580065,6661057,6553029,6654098,6590895,6505640,6617321,6590988,6521737,6560421,6515909,6538600,6418294
172,31,1,1,6712539,6688299,6566627,6611120,6544286,6594137,6590942,6567249,6648312,6540837,6640996,6578299,6492624,6604369,6577627,6508178,6546839,6503346,6525377,6405528
173,0,1,1,6725651,6700737,6579089,6624190,6556353,6607211,6603105,6579559,6661570,6552722,6654044,6591151,6505229,6616977,6590558,6521353,6560100,6516238,6538155,6418978
174,31,1,1,6713615,6688741,6566866,6612599,6544568,6594699,6591397,6567780,6648387,6540590,6641792,6578481,6493626,6604657,6578536,6508605,6546745,6503209,6525443,6406756
175,0,1,1,6725007,6700433,6578997,6623658,6556380,6606679,6603518,6579473,6660345,6552175,6653710,6590206,6505558,6616877,6591155,6520965,6559445,6515246,6537864,6418709
176,31,1,1,6713466,6687696,6567515,6611678,6545344,6594595,6590703,6567195,6648257,6540292,6641051,6578328,6493041,6603659,6578257,6508385,6546837,6502646,6525498,6406459
177,0,1,1,6726482,6700114,6578732,6622971,6556920,6606770,6603549,6580579,6660709,6552733,6653929,6591423,6505880,6616409,6591141,6521413,6560331,6515868,6538206,6418531
178,31,1,1,6714604,6687813,6566726,6610508,6545022,6594428,6590902,6567490,6647754,6539877,6640979,6579226,6493774,6604163,6578280,6508546,6546631,6503132,6525547,6406371
179,0,1,1,6726323,6699475,6579042,6622705,6556941,6606695,6603526,6579737,6660727,6552585,6654363,6591545,6505703,6617370,6589721,6521295,6559639,6515467,6537766,6418696
180,31,1,1,6713446,6686697,6566010,6609938,6543466,6593472,6590171,6566375,6647381,6538816,6640411,6578150,6492753,6603909,6576604,6507461,6545223,6501593,6524188,6405920
181,0,1,1,6726065,6699998,6578511,6623369,6556667,6606691,6603586,6579574,6661020,6552929,6654265,6591577,6505787,6618070,6590084,6521563,6558896,6515119,6537963,6419474
182,31,1,1,6713161,6687076,6566783,6610919,6544702,6594377,6590687,6567067,6648488,6540517,6640605,6578968,6492662,6605178,6577183,6508587,6545804,6502032,6525113,6407001
183,0,1,1,6725120,6699540,6579251,6623198,6556414,6605767,6602106,6579218,6661191,6552309,6653054,6590939,6505384,6616869,6589018,6520367,6558263,6514829,6537065,6419010
184,31,1,1,6712929,6687501,6567221,6610861,6544125,6593679,6590413,6567217,6648521,6539543,6640458,6578308,6493214,6604307,6576927,6507632,6545305,6501497,6524596,6406911
185,0,1,1,6725717,6700275,6579312,6623100,6556001,6606993,6603109,6579601,6661249,6552327,6653291,6590299,6504724,6617596,6589764,6520957,6558386,6514808,6537175,6419009
186,31,1,1,6713224,6687560,6567172,6611223,6543765,6594671,6589601,6567184,6648125,6539088,6640033,6577511,6492518,6604662,6576832,6507568,6545444,6501273,6524209,6406080
187,0,1,1,6725598,6699525,6579199,6622974,6555714,6605949,6601025,6579631,6660762,6551082,6653019,6590298,6504715,6616573,6590010,6520682,6557612,6513588,6536858,6418340
188,31,1,1,6713401,6687273,6566944,6610605,6543215,6593252,6588826,6567394,6648007,6539295,6639187,6577166,6492448,6603222,6577139,6507587,6544432,6501381,6523862,6405618
189,0,1,1,6725521,6700367,6579417,6623684,6556345,6606870,6602324,6580973,6661361,6552841,6654031,6590656,6505987,6617297,6589561,6522062,6558557,6515293,6538344,6419362
190,31,1,1,6712842,6687893,6567452,6611528,6544118,6594322,6589972,6568445,6648920,6540187,6641438,6578370,6493348,6604694,6577515,6508877,6545494,6502188,6525014,6406542
191,0,1,1,6725873,6700642,6579872,6623982,6556882,6606311,6603295,6581140,6661192,6552935,6654462,6591212,6506229,6617477,6590657,6522461,6559203,6515465,6538056,6419125
192,31,1,1,6712641,6686726,6566948,6611152,6543427,6592750,6589779,6566976,6647161,6538914,6639434,6577714,6492010,6604010,6575972,6508058,6545223,6501813,6524107,6405366
193,0,1,1,6723813,6698019,6578355,6622324,6555125,6604347,6601341,6579215,6659554,6550568,6652042,6589400,6503981,6615909,6588741,6520277,6557532,6513341,6536365,6417567
194,31,1,1,6711892,6686775,6566010,6609592,6542832,6592047,6588948,6566815,6646655,6537916,6638795,6576558,6491118,6603634,6575827,6506699,6544575,6500408,6523554,6403979
195,0,1,1,6725572,6700775,6580199,6623055,6556536,6605827,6602846,6580481,6660360,6551861,6653378,6590577,6504478,6617272,6589872,6520549,6558833,6514639,6537441,6417362
196,31,1,1,6711965,6687043,6566824,6609039,6543108,6592313,6588999,6566606,6646629,6538073,6639037,6577019,6491531,6603845,6576862,6507088,6544421,6500974,6523662,6403699
197,0,1,1,6725038,6699507,6579354,6622538,6556555,6605733,6601928,6579745,6659889,6551469,6652621,6589905,6504925,6616930,6590320,6520831,6558208,6514487,6536919,6417409
198,31,1,1,6712817,6687701,6566477,6610480,6543646,6593926,6589156,6567612,6647812,6538477,6640166,6577782,6492348,6603452,6578014,6507868,6545623,6501985,6524490,6404770
199,0,1,1,6725606,6700290,6579167,6623189,6556731,6606930,6601828,6579670,6660799,6551652,6653953,6590798,6505462,6616432,6590359,6520738,6558511,6515651,6537453,6417653
200,31,1,1,6713704,6688202,6567864,6610787,6544765,6594918,6589922,6567364,6648318,6539416,6640346,6578330,6493735,6604226,6576949,6508454,6546209,6502694,6524745,6405760
201,0,1,1,6726318,6700034,6579650,6623102,6556904,6607128,6602739,6580206,6661720,6552109,6652964,6590672,6505186,6617404,6590123,6521305,6559083,6515779,6537528,6418062
202,31,1,1,6712830,6687078,6567282,6610202,6543991,6594246,6589962,6567371,6648686,6539645,6639923,6577956,6492546,6604177,6577629,6508507,6545950,6502458,6525031,6405106
203,0,1,1,6725304,6699346,6579329,6623034,6555328,6606313,6601365,6579674,6661185,6551876,6652738,6590127,6504352,6615575,6589853,6521149,6558716,6514550,6537252,6417810
204,31,1,1,6712395,6685956,6566856,6609959,6542487,6593103,6588813,6566633,6647590,6539125,6637959,6576377,6491254,6602198,6576456,6507072,6545378,6500583,6523609,6404685
205,0,1,1,6725606,6698938,6579812,6622766,6555705,6606910,6602320,6580128,6661033,6551836,6652165,6590330,6504937,6616084,6589795,6521087,6559022,6514034,6537576,6418100
206,31,1,1,6713389,6686498,6567619,6610606,6544069,6594670,6590623,6567475,6648430,6539169,6639147,6577707,6492487,6604314,6577692,6508613,6545615,6502037,6525004,6405980
207,0,1,1,6725341,6699258,6580511,6623866,6556484,6607388,6603111,6580115,6661254,6552444,6652501,6590332,6505998,6617197,6590774,6521296,6558388,6514316,6537662,6418732
208,31,1,1,6712992,6687147,6568101,6611085,6543911,6594815,6589986,6567441,6648039,6539878,6638992,6577750,6493251,6603569,6578125,6508157,6545616,6501559,6524799,6405759
209,0,1,1,6725215,6699968,6579984,6623157,6556117,6606980,6602416,6580560,6660912,6551853,6652463,6589966,6505647,6616733,6591180,6521305,6559116,6514176,6537266,6418516
210,31,1,1,6713548,6687398,6567567,6610450,6543724,6594871,6589823,6567654,6648342,6538933,6638951,6577776,6492853,6604435,6578416,6508344,6546139,6502141,6525251,6406154
211,0,1,1,6726670,6700633,6580294,6623217,6557618,6607431,6603518,6580431,6661664,6552056,6651915,6591140,6505679,6618317,6592035,6522197,6560388,6515684,6538467,6419223
212,31,1,1,6713837,6687164,6567589,6610551,6544746,6594124,6590671,6567324,6648688,6539905,6638315,6578080,6493544,6604760,6578855,6508571,6546937,6502347,6524760,6406596
213,0,1,1,6725865,6698665,6579975,6622476,6557012,6606445,6602828,6579835,6660679,6552694,6651829,6590609,6505447,6616716,6590318,6521064,6559708,6515051,6537370,6418372
214,31,1,1,6712330,6685505,6567472,6609457,6543326,6593037,6589503,6566090,6647012,6538269,6638379,6576992,6491520,6603144,6576134,6507401,6545166,6501262,6523515,6404356
215,0,1,1,6726770,6699410,6580662,6623415,6556789,6606808,6603099,6580225,6660906,6552327,6652265,6590983,6505632,6617060,6590814,6521697,6560102,6515414,6537657,6418740
216,31,1,1,6713304,6686018,6567843,6610355,6544462,6593075,6590028,6566535,6648127,6538944,6638911,6577784,6492151,6604553,6577516,6508525,6546361,6501971,6523802,6405477
217,0,1,1,6725850,6700142,6580484,6623331,6557196,6606334,6603246,6579650,6661336,6552016,6652194,6591096,6504872,6617594,6591050,6522211,6559677,6515573,6537805,6419449
218,31,1,1,6714099,6688230,6568548,6611881,6544957,6593955,6590883,6567473,6648659,6539031,6639763,6578856,6493178,6604747,6578679,6509200,6547129,6502664,6525276,6407236
219,0,1,1,6726404,6700113,6580146,6624088,6556862,6606666,6603012,6580511,6660643,6552532,6652513,6590897,6505571,6617383,6590542,6521637,6559374,6515242,6537760,6419091
220,31,1,1,6713264,6687709,6567279,6610528,6544662,6593383,6590204,6567427,6647797,6539065,6639772,6577894,6492731,6604233,6577512,6508084,6546052,6501817,6524419,6405990
221,0,1,1,6725406,6700479,6580127,6624153,6556907,6606177,6603192,6580066,6661028,6551956,6652516,6591089,6505253,6617301,6590019,6520650,6559831,6515048,6537526,6418578
222,31,1,1,6713337,6688048,6567933,6611520,6543939,6594016,6590440,6568372,6647746,6539667,6639339,6578481,6492839,6605300,6576739,6507859,6546475,6502380,6525071,6405759
223,0,1,1,6725721,6699873,6579424,6623226,6555461,6606682,6601840,6580007,6659605,6552071,6652566,6589950,6505009,6617246,6588417,6520794,6559681,6515136,6537214,6418529
224,31,1,1,6713422,6687567,6567788,6611318,6543804,6594012,6589948,6567743,6647972,6539256,6639414,6577525,6492948,6604339,6576498,6508043,6546997,6502203,6524430,6406075
225,0,1,1,6725571,6699398,6579888,6622996,6556336,6606322,6602979,6580333,6660380,6552174,6652361,6590108,6505377,6617260,6588950,6521328,6559947,6515173,6536885,6419057
226,31,1,1,6713270,6687861,6567187,6610501,6544036,6593861,6591201,6568194,6647985,6539350,6639579,6577413,6493244,6604318,6577235,6508405,6546469,6502281,6524153,6406149
227,0,1,1,6727028,6700891,6580206,6623715,6557820,6606716,6604417,6581506,6661392,6552858,6652322,6590897,6506190,6617885,6591055,6522117,6560307,6515613,6538107,6419740
228,31,1,1,6713128,6687477,6567424,6610887,6544273,6593450,6590704,6567685,6647598,6539662,6638779,6577616,6492952,6603893,6577996,6508213,6545657,6502332,6524169,6406559
229,0,1,1,6726695,6700990,6580486,6623816,6557484,6606590,6603384,6580895,6660968,6552786,6652389,6591011,6506188,6617193,6590039,6521583,6559707,6515636,6538002,6419298
230,31,1,1,6713059,6687079,6566878,6610406,6543727,6593607,6589880,6567852,6647421,6539520,6638251,6577394,6493446,6603303,6576011,6507472,6545236,6501908,6524001,6405983
231,0,1,1,6725571,6699835,6579814,6622491,6555607,6606143,6602843,6579821,6660267,6552099,6651991,6589829,6505229,6616056,6589218,6520763,6560033,6515087,6537123,6419043
232,31,1,1,6712528,6686446,6566739,6609384,6543457,6593777,6588950,6566493,6647013,6539093,6638976,6577588,6492207,6603520,6576509,6507554,6545833,6501417,6523763,6406011
233,0,1,1,6724959,6699312,6578839,6622263,6556071,6605642,6602477,6578829,6660163,6552293,6651671,6590785,6505087,6615972,6589372,6520662,6559132,6514539,6536887,6418688
234,31,1,1,6712801,6688017,6567830,6610850,6545551,6593904,6591120,6567472,6648004,6540133,6640008,6578856,6493333,6604155,6577233,6508351,6546577,6501842,6524779,6407322
235,0,1,1,6726580,6699729,6579977,6623948,6557510,6606378,6603249,6579625,6660935,6552903,6653075,6591228,6505465,6617854,6589471,6521880,6559347,6514640,6538027,6419543
236,31,1,1,6713571,6687351,6567446,6611033,6544755,6592846,6589799,6567825,6647895,6539243,6639944,6578339,6493211,6605325,6577164,6508241,6546191,6501728,6525182,6406526
237,0,1,1,6726470,6699155,6579227,6622948,6556736,6605367,6602057,6579169,6660342,6551927,6652181,6590186,6505401,6616521,6589830,6520565,6558983,6514446,6537394,6418634
238,31,1,1,6713941,6687024,6567014,6609861,6544892,6593140,6589534,6566978,6648095,6540359,6639607,6578113,6492983,6604497,6577253,6507649,6546349,6501816,6524627,6406482
239,0,1,1,6726945,6699493,6579198,6622619,6556691,6606081,6602274,6579670,6660604,6553057,6652183,6591009,6505660,6617614,6590655,6520937,6558882,6514948,6537625,6418777
240,31,1,1,6713927,6686357,6566851,6610402,6544265,6593268,6589946,6566753,6647737,6539867,6639088,6577634,6492757,6604340,6577235,6507826,6545755,6501651,6524532,6405725
241,0,1,1,6726375,6699227,6579222,6623432,6556632,6605984,6602683,6579154,6660831,6552945,6651955,6590514,6505795,6615897,6589858,6520949,6558603,6514493,6537758,6418043
242,31,1,1,6714649,6687150,6567014,6611089,6544724,6593824,6589967,6567455,6648509,6540734,6639237,6577516,6493371,6602737,6577009,6508449,6545542,6501986,6525014,6405947
243,0,1,1,6726642,6698878,6578922,6623041,6556480,6605846,6602057,6580097,6660450,6552657,6652606,6589877,6505324,6615747,6589081,6520383,6559016,6514353,6537328,6418146
244,31,1,1,6713880,6686502,6566419,6610378,6543821,6593275,6589661,6567689,6647794,6539778,6639033,6577375,6493286,6603110,6576189,6507474,6545702,6501812,6524565,6405598
245,0,1,1,6726069,6698160,6577659,6622176,6555670,6605393,6601845,6578725,6659993,6552456,6651092,6589337,6504968,6615905,6589104,6519554,6558258,6513440,6536254,6417985
246,31,1,1,6714280,6686755,6566919,6610576,6544207,6593524,6589720,6567438,6647871,6540063,6638892,6577643,6493161,6603740,6576298,6507441,6546378,6501530,6524445,6406209
247,0,1,1,6725911,6699295,6578481,6622746,6555390,6605278,6601896,6579235,6660021,6552333,6650972,6590045,6504733,6616125,6588886,6519841,6558726,6513343,6536654,6418163
248,31,1,1,6713541,6687496,6566798,6610671,6543503,6593071,6589166,6566550,6647570,6539864,6638235,6577359,6492623,6604236,6576711,6507182,6546166,6501356,6524057,6405915
249,0,1,1,6726496,6700102,6579599,6622952,6556413,6605475,6602620,6579970,6660990,6553148,6651690,6590485,6505435,6616375,6590360,6521119,6559555,6514998,6536973,6418288
250,31,1,1,6713973,6687261,6566699,6610099,6544099,6592614,6589635,6566365,6647617,6540446,6639229,6577447,6492224,6603213,6576810,6507796,6545701,6501412,6523948,6405302
251,0,1,1,6725152,6699007,6578823,6622711,6555942,6604740,6601801,6578850,6660224,6552667,6651406,6590102,6505187,6615929,6589459,6520655,6558862,6514414,6536203,6417158
252,31,1,1,6714576,6687600,6567797,6611022,6544337,6593214,6590628,6568117,6648097,6540557,6639535,6578440,6493233,6604444,6577627,6508312,6546735,6502966,6525203,6406345
253,0,1,1,6724939,6698450,6578071,6621422,6554774,6603965,6601624,6578883,6659126,6551894,6651138,6590188,6504768,6614955,6588438,6519696,6558609,6514150,6536708,6418274
254,31,1,1,6712754,6686798,6567192,6611579,6544243,6592538,6590171,6567790,6647622,6540269,6639116,6578431,6493535,6604221,6576274,6507968,6546665,6501924,6524921,6407092
255,0,1,1,6725822,6698516,6578886,6622075,6555488,6604379,6601630,6579027,6660139,6552425,6651504,6590485,6504732,6615694,6588146,6520438,6558768,6514095,6536387,6418806
256,31,1,1,6713994,6687046,6567142,6610231,6544045,6592565,6590001,6567054,6647057,6540336,6638942,6577959,6492750,6603726,6576288,6508609,6545374,6502218,6523620,6406696
257,0,1,1,6726183,6699410,6579584,6622887,6556638,6604920,6602628,6580006,6660659,6553713,6651799,6591110,6505230,6616346,6588383,6521221,6559096,6515448,6537605,6419155
258,31,1,1,6713585,6687344,6567975,6610840,6544983,6592308,6590493,6567710,6648300,6541452,6638986,6578337,6492919,6603337,6575862,6507809,6546505,6502654,6524820,6406439
259,0,1,1,6725893,6700125,6580111,6622856,6557041,6605121,6602508,6580109,6661105,6554290,6651816,6591093,6505470,6616414,6589667,6521419,6559729,6515329,6537783,6418534
260,31,1,1,6713920,6687890,6567714,6610947,6544239,6593174,6590376,6567648,6648584,6541685,6639286,6578553,6493242,6604200,6577139,6508739,6547220,6502553,6524805,6406557
261,0,1,1,6726968,6700119,6579945,6623299,6556877,6605843,6602523,6580116,6660790,6553543,6652880,6591679,6505402,6617464,6589317,6521385,6559465,6515112,6537113,6419267
262,31,1,1,6714964,6688171,6567937,6611968,6545387,6593882,6590317,6567963,6648466,6540644,6639949,6579444,6493101,6605000,6577003,6508850,6546353,6502591,6525135,6406915
263,0,1,1,6727186,6699613,6579522,6623217,6556731,6605568,6603066,6580125,6660488,6553281,6651534,6591199,6505192,6616271,6588713,6521210,6558986,6515123,6537272,6418875
264,31,1,1,6715430,6687960,6567493,6611064,6545224,6593226,6590651,6567694,6647898,6540418,6639364,6578861,6492958,6604048,6576501,6508881,6546397,6502621,6524586,6407046
265,0,1,1,6727172,6699690,6579746,6623069,6556916,6605749,6602676,6579704,6660463,6553173,6651695,6590978,6504915,6615954,6589273,6520893,6559221,6514744,6537693,6419361
266,31,1,1,6714945,6687884,6568031,6611445,6544811,6593107,6591275,6567521,6648821,6540166,6638883,6579186,6492733,6603870,6577312,6507882,6545876,6502674,6524696,6407479
267,0,1,1,6726589,6698722,6579650,6622703,6556469,6605256,6601863,6579525,6661053,6552252,6651672,6591173,6504532,6616709,6590060,6520778,6559078,6514845,6536637,6419485
268,31,1,1,6714219,6686320,6566916,6609957,6543866,6592692,6589558,6566497,6648142,6538545,6638137,6578216,6491698,6602787,6576429,6507993,6545580,6501342,6523638,6406614
269,0,1,1,6727026,6699324,6579816,6623492,6556930,6605591,6602531,6579682,6661234,6552123,6651915,6591162,6504486,6616317,6589513,6521972,6558996,6514743,6537034,6419507
270,31,1,1,6713557,6686666,6566615,6610698,6543465,6592298,6589862,6566406,6647429,6539012,6639026,6577953,6491607,6603706,6576534,6507874,6544498,6501132,6523134,6406374
271,0,1,1,6725931,6699664,6579461,6623434,6556590,6605442,6603111,6580195,6660900,6552815,6652611,6591566,6505007,6616000,6589477,6521662,6558276,6515105,6536418,6419373
272,31,1,1,6713623,6687423,6566936,6611182,6544263,6592592,6590421,6567089,6647496,6539485,6640123,6578012,6491850,6603003,6576653,6508234,6545392,6501494,6523609,6406339
273,0,1,1,6725499,6699818,6578768,6623560,6556704,6604035,6603160,6579324,6660226,6551810,6652127,6590895,6504224,6615031,6589190,6521140,6558085,6514085,6536807,6419325
274,31,1,1,6714455,6687698,6567396,6611502,6544606,6592630,6590415,6567487,6647804,6539462,6639121,6578790,6492454,6603190,6576661,6508431,6546342,6502071,6524763,6407257
275,0,1,1,6725640,6699060,6578959,6623434,6556097,6604279,6601637,6578976,6659818,6551893,6651591,6590668,6503852,6614458,6589339,6520569,6558639,6514155,6536614,6418480
276,31,1,1,6713325,6687386,6566897,6610974,6544133,6591815,6589605,6566840,6647157,6538685,6639163,6577744,6491647,6602442,6576727,6508012,6546088,6501490,6523241,6406280
277,0,1,1,6725843,6699780,6579925,6623836,6556371,6605235,6602619,6579556,6659854,6552227,6651953,6590706,6503675,6615286,6588483,6520944,6559525,6514685,6536152,6418984
278,31,1,1,6712916,6687415,6568178,6611516,6544694,6592856,6589748,6567494,6647059,6540029,6639407,6577600,6492054,6603142,6576440,6508306,6546639,6501352,6523563,6406670
279,0,1,1,6726653,6699990,6580541,6623889,6556749,6605717,6602725,6579886,6659634,6552989,6652667,6590512,6504694,6615196,6589566,6521045,6560097,6515241,6537120,6418913
280,31,1,1,6714099,6687679,6567477,6611445,6544861,6592627,6590120,6567024,6646700,6539619,6639297,6577597,6492064,6602868,6576497,6507283,6546536,6502260,6523494,6406505
281,0,1,1,6726257,6699258,6579222,6622985,6556252,6604929,6602012,6579523,6659771,6551939,6651873,6589617,6504704,6615228,6589086,6520111,6558482,6514602,6535901,6418800
282,31,1,1,6714045,6687671,6568484,6611659,6543738,6593107,6590427,6568160,6647660,6539465,6639447,6577890,6492680,6603452,6577037,6507822,6546755,6502625,6523500,6406809
283,0,1,1,6727243,6699708,6579863,6623839,6555370,6605244,6602649,6579886,6660176,6551724,6651977,6590461,6504672,6616113,6589368,6520179,6559148,6514617,6536789,6419223
284,31,1,1,6714009,6687030,6566652,6610906,6544000,6592685,6588762,6566563,6647105,6538798,6638895,6577562,6491759,6602623,6576619,6506792,6545856,6501453,6523074,6405594
285,0,1,1,6725979,6699953,6579385,6623903,6556120,6605732,6601944,6580699,6660037,6552151,6652685,6591148,6505210,6615897,6590225,6521547,6559029,6514803,6536304,6418883
286,31,1,1,6713925,6687056,6567158,6611246,6542854,6592910,6589604,6567798,6647497,6539259,6639071,6578724,6492997,6603109,6576844,6508252,6545423,6501906,6523507,6405901
287,0,1,1,6726146,6698906,6578712,6623647,6554906,6604825,6601681,6579943,6659428,6552014,6652060,6591000,6504709,6614827,6589627,6520854,6558339,6514994,6536960,6418866
288,31,1,1,6713518,6686898,6566200,6611318,6543463,6592587,6588933,6567936,6647520,6538950,6639031,6578905,6492614,6602951,6576854,6507853,6545605,6501653,6523410,6406078
289,0,1,1,6726351,6698990,6578890,6623982,6556125,6605495,6602010,6580463,6660295,6552540,6652593,6591622,6505431,6615431,6590110,6521198,6559816,6515113,6537072,6419485
290,31,1,1,6713131,6685848,6566494,6611912,6543654,6592655,6588917,6567269,6646518,6538967,6638832,6578442,6492456,6601968,6577001,6507457,6545397,6502323,6523509,6405867
291,0,1,1,6725248,6698650,6578804,6623479,6556011,6605252,6601648,6579544,6659373,6552075,6652194,6590897,6504789,6615343,6589402,6520193,6558775,6514692,6535671,6418787
292,31,1,1,6713135,6686681,6567382,6611166,6544339,6593157,6588717,6567331,6647503,6539361,6639589,6578628,6491834,6602896,6576673,6507590,6545914,6502109,6523330,6406465
293,0,1,1,6725304,6698293,6578440,6623315,6555682,6604139,6601303,6579408,6659342,6552145,6651959,6590218,6504503,6615023,6588781,6519985,6558134,6514120,6536088,6418602
294,31,1,1,6712380,6685851,6566204,6610601,6542285,6591436,6589027,6566918,6646403,6538630,6638340,6577498,6491401,6601968,6575849,6507076,6545041,6501204,6523242,6405249
295,0,1,1,6725324,6698301,6578933,6623410,6555033,6604194,6601656,6579221,6659642,6551432,6651260,6589894,6504028,6615299,6588433,6520139,6557885,6514676,6535641,6418122
296,31,1,1,6713868,6687116,6567481,6611840,6544554,6592795,6589771,6567401,6647811,6539979,6639194,6578247,6492700,6603469,6577006,6507457,6545370,6502121,6523757,6406257
297,0,1,1,6725599,6698583,6579556,6623745,6556102,6604688,6602090,6578973,6659832,6552373,6651361,6590284,6504771,6615363,6589213,6520175,6558207,6514407,6536298,6418378
298,31,1,1,6713826,6686174,6567794,6611093,6543765,6591694,6589149,6567282,6647602,6539352,6638338,6577986,6492613,6602994,6576672,6507145,6545347,6501701,6524274,6406415
299,0,1,1,6725820,6698454,6579777,6623120,6555740,6603905,6601209,6579943,6660239,6551350,6650839,6590510,6504954,6615553,6589380,6519898,6558584,6514286,6537034,6418295
300,31,1,1,6714260,6686661,6568127,6611216,6544488,6592490,6589543,6567482,6647975,6539689,6639178,6578551,6492846,6603786,6577547,6508154,6546012,6502052,6524435,6405957
301,0,1,1,6726161,6699251,6580207,6623532,6556656,6604554,6601969,6580095,6660953,6552591,6652081,6591327,6504865,6616188,6591038,6520583,6559249,6514414,6537235,6418593
302,31,1,1,6713152,6686036,6567490,6609844,6543521,6591708,6588558,6566625,6647481,6538782,6638563,6577777,6491899,6602264,6576759,6507024,6545698,6501129,6524096,6405262
303,0,1,1,6726039,6699295,6581026,6623152,6556040,6605325,6601523,6579644,6660707,6552335,6652066,6591696,6505530,6616640,6590459,6520904,6559997,6514882,6537592,6419123
304,31,1,1,6713512,6685934,6567454,6609766,6544280,6591856,6588942,6566574,6647053,6539051,6638611,6577930,6492134,6602777,6577051,6507987,6545580,6500972,6523914,6406129
305,0,1,1,6726800,6698997,6579567,6623104,6557144,6604866,6601161,6579310,6659709,6552149,6651487,6590573,6505301,6615643,6589974,6521383,6558687,6514789,6537393,6419059
306,31,1,1,6714144,6687413,6568379,6611827,6545122,6593475,6589553,6568431,6648047,6540398,6640313,6578455,6493117,6603228,6578423,6508502,6545880,6502542,6525440,6407038
307,0,1,1,6726274,6698839,6580122,6623507,6556569,6605224,6601938,6580371,6660805,6552495,6652559,6590973,6504951,6614905,6591094,6521105,6558688,6514695,6537650,6418766
308,31,1,1,6714298,6686122,6568243,6611736,6544638,6593052,6589101,6567704,6648287,6539788,6639017,6578505,6493132,6602352,6578251,6507766,6546834,6502585,6524695,6406358
309,0,1,1,6727324,6698791,6580681,6624625,6556985,6606243,6601816,6579977,6661534,6553319,6652380,6591444,6505523,6616334,6590768,6520698,6559940,6515678,6538287,6419803
310,31,1,1,6714413,6686639,6567469,6611045,6543855,6592964,6589987,6566677,6648067,6539371,6639072,6577793,6492265,6602857,6576923,6507153,6546698,6502085,6524537,6406419
311,0,1,1,6725847,6698212,6579065,6622617,6554919,6604619,6601020,6578664,6660003,6552138,6651038,6590009,6504286,6614994,6589723,6519574,6558169,6513813,6536609,6418926
312,31,1,1,6713686,6686319,6566229,6610498,6543068,6592562,6588363,6566595,6647241,6538999,6638248,6577652,6491610,6602920,6576484,6506969,6544759,6501292,6523853,6406324
313,0,1,1,6725894,6697623,6579138,6623249,6556113,6604711,6601769,6578987,6660010,6552813,6652103,6590784,6504314,6614811,6589076,6520239,6558685,6514535,6537593,6419070
314,31,1,1,6713914,6686265,6567077,6611226,6544060,6592988,6589833,6566917,6646996,6539834,6639148,6578066,6492458,6602809,6576602,6507459,6545585,6501914,6525263,6406469
315,0,1,1,6726986,6700179,6581405,6624676,6557281,6606200,6603191,6580049,6660407,6553259,6653623,6591023,6505699,6617108,6589693,6520967,6559443,6515484,6538717,6420505
316,31,1,1,6713969,6687254,6567945,6611250,6543906,6592623,6589689,6566839,6646216,6540278,6640066,6577304,6492871,6603298,6575818,6506948,6545031,6502103,6524822,6407465
317,0,1,1,6726307,6698789,6580325,6623958,6556875,6605346,6602884,6578811,6659857,6552388,6653046,6590058,6505382,6615403,6589263,6520278,6558233,6514476,6537878,6419464
318,31,1,1,6714138,6685906,6568028,6611623,6544924,6592780,6590581,6567540,6647423,6539727,6640887,6577447,6492791,6603548,6576988,6507830,6545774,6502150,6525363,6407084
319,0,1,1,6726892,6697934,6579661,6624217,6556450,6605459,6602587,6579499,6660205,6553165,6653010,6590047,6505200,6615615,6589740,6521138,6557729,6514696,6537935,6419157
320,31,1,1,6714389,6686234,6567719,6611476,6544352,6593015,6589870,6567156,6647458,6540430,6640250,6577410,6492716,6602939,6576905,6507256,6545018,6502584,6525068,6406887
321,0,1,1,6726585,6698171,6579573,6623505,6556057,6605368,6602275,6579840,6659180,6552892,6652583,6589965,6505238,6615372,6589616,6520270,6558429,6514631,6537170,6418854
322,31,1,1,6713253,6685569,6566942,6610506,6544064,6592856,6589380,6566197,6646612,6539611,6639258,6577247,6492001,6602401,6576619,6507084,6545257,6501408,6523784,6406217
323,0,1,1,6726682,6698969,6580591,6623403,6556918,6606235,6602460,6579903,6660230,6553065,6652898,6591137,6505619,6616396,6590346,6521103,6559425,6515432,6536957,6419851
324,31,1,1,6713426,6685913,6567912,6610692,6543806,6593604,6589744,6567119,6647033,6540196,6639669,6577333,6493051,6603382,6577284,6507067,6544688,6502031,6523738,6405591
325,0,1,1,6725862,6698595,6580168,6623113,6556441,6606512,6602277,6579454,6660302,6552421,6652867,6589458,6504783,6615769,6589885,6520851,6558899,6514767,6537132,6418824
326,31,1,1,6712628,6685612,6567016,6610059,6543578,6592696,6589512,6566183,6646795,6538697,6639122,6575511,6490999,6602044,6575469,6506696,6545490,6501249,6523563,6405743
327,0,1,1,6726172,6698191,6579488,6622887,6556045,6605220,6602787,6579583,6659759,6551485,6652922,6589069,6504810,6614612,6589333,6520265,6559264,6514234,6537352,6418975
328,31,1,1,6713089,6686122,6567017,6609934,6543011,6593098,6589665,6566696,6646414,6538782,6639111,6576791,6491675,6602322,6576660,6507004,6545325,6501285,6523870,6405792
329,0,1,1,6725950,6698613,6579039,6622805,6556115,6605539,6601926,6579377,6659460,6551279,6652214,6589744,6504423,6615087,6589778,6520267,6558409,6514179,6537159,6418967
330,31,1,1,6713813,6686707,6567900,6610887,6544643,6593324,6589895,6567093,6647474,6539173,6640516,6577492,6492503,6603357,6577412,6507378,6545804,6501809,6525096,6406981
331,0,1,1,6725992,6698432,6579926,6622505,6556104,6605598,6601957,6579620,6660000,6552531,6652701,6590028,6504430,6615785,6590293,6520362,6558915,6514441,6537354,6418995
332,31,1,1,6713285,6685689,6566997,6610013,6543344,6592683,6589866,6566838,6647305,6539104,6640164,6577224,6491857,6603198,6576840,6507288,6545672,6501504,6524324,6406557
333,0,1,1,6726535,6698560,6579529,6623300,6555987,6605711,6602492,6579408,6660564,6552013,6652923,6590446,6505040,6615327,6589438,6521374,6559105,6514800,6537172,6419682
334,31,1,1,6713438,6685562,6566690,6610202,6543591,6592513,6589321,6566809,6646699,6539085,6639305,6577352,6492095,6602490,6576134,6507731,6545369,6501091,6523753,6405957
335,0,1,1,6725876,6697810,6579052,6622609,6556135,6604819,6601852,6578913,6659176,6552307,6652442,6589688,6504827,6615158,6588583,6519997,6557986,6513988,6536195,6418529
336,31,1,1,6713277,6685861,6567477,6610679,6544495,6592698,6589478,6566779,6647260,6539634,6639514,6577672,6492092,6603354,6577077,6507817,6545002,6501376,6524026,6406219
337,0,1,1,6725105,6698032,6579680,6622426,6556474,6604229,6601240,6578889,6659381,6552044,6651662,6590014,6504079,6615225,6588490,6520177,6558519,6514099,6536770,6418137
338,31,1,1,6714591,6686191,6568020,6611017,6545149,6593190,6589837,6567316,6647734,6539367,6640418,6578412,6492769,6603208,6576641,6508046,6546646,6502087,6525036,6406223
339,0,1,1,6725511,6697647,6579426,6622118,6556754,6604819,6600698,6579047,6659571,6552289,6652687,6590334,6504031,6614470,6588269,6520460,6558627,6514097,6536825,6418155
340,31,1,1,6712844,6685330,6567134,6610131,6544966,6592315,6589251,6566981,6646755,6539424,6640052,6577881,6492315,6602301,6576570,6508215,6545099,6501158,6524530,6404980
341,0,1,1,6725308,6698301,6580070,6622904,6557266,6605064,6602752,6580091,6659540,6552365,6653661,6590833,6505116,6615799,6589542,6521816,6558519,6515029,6537850,6418471
342,31,1,1,6712875,6686456,6567680,6610891,6544304,6593520,6589529,6567092,6647192,6539604,6640727,6577803,6492734,6603216,6576780,6508375,6545284,6502055,6524242,6406125
343,0,1,1,6726015,6697816,6579810,6623462,6556294,6605750,6601820,6579709,6660206,6551907,6653635,6590044,6505622,6616039,6588826,6521268,6558733,6515233,6537159,6418578
344,31,1,1,6714838,6686596,6568182,6612043,6545111,6594284,6590487,6567757,6648760,6540453,6641954,6578742,6494234,6604677,6577714,6509719,6547438,6503046,6525597,6407236
345,0,1,1,6726242,6698138,6579382,6622252,6556317,6605099,6601141,6579622,6659695,6551948,6653506,6589907,6505480,6616651,6589461,6521534,6559058,6514488,6537258,6417777
346,31,1,1,6714097,6686063,6567181,6610135,6544019,6593401,6589773,6567676,6647676,6539417,6641336,6578051,6492676,6604686,6577625,6508875,6546421,6502138,6524647,6405268
347,0,1,1,6726099,6698574,6579471,6622948,6556362,6605781,6601971,6580067,6659553,6552508,6654086,6590830,6505068,6615754,6590483,6521501,6559443,6514719,6537745,6417658
348,31,1,1,6713880,6686468,6567146,6610863,6544189,6594270,6589231,6567936,6647927,6539317,6641092,6578318,6492851,6603999,6577195,6508476,6546637,6502153,6525115,6405793
349,0,1,1,6726745,6699097,6579477,6623554,6557220,6606906,6602316,6580699,6660885,6552900,6653927,6590821,6505144,6616813,6590514,6521438,6559465,6515056,6538165,6418585
350,31,1,1,6714819,6686837,6567687,6611600,6545246,6594712,6590608,6568402,6648232,6540290,6640975,6578241,6492905,6604451,6577878,6508851,6547050,6502791,6525609,6406875
351,0,1,1,6727028,6698790,6579044,6624260,6556685,6605678,6602527,6580211,6660418,6552607,6653837,6590636,6504526,6616881,6589785,6521536,6559562,6515145,6536980,6419335
352,31,1,1,6713908,6686869,6567110,6611375,6544145,6593391,6589314,6567569,6647228,6539759,6640389,6577783,6491657,6604026,6575987,6508313,6545640,6502022,6523691,6406000
353,0,1,1,6726218,6698639,6578964,6623766,6556987,6605748,6601724,6579939,6659885,6552112,6653562,6590553,6504629,6616542,6589861,6520834,6558816,6514263,6536374,6417966
354,31,1,1,6713497,6686201,6566193,6611160,6544394,6592492,6588541,6567251,6646365,6538744,6639407,6577225,6491755,6602930,6576884,6507483,6545143,6501015,6523180,6404679
355,0,1,1,6725544,6698240,6578696,6623541,6555906,6605535,6601451,6580242,6659328,6551685,6652717,6590063,6503732,6615682,6589147,6520652,6557928,6514669,6536497,6417811
356,31,1,1,6713729,6686376,6566545,6611443,6543820,6592953,6589066,6567879,6646929,6538943,6640307,6577631,6492189,6603276,6576854,6507662,6544877,6501749,6523942,6405301
357,0,1,1,6726219,6699207,6579219,6624023,6556690,6605908,6602088,6581099,6659937,6551937,6653615,6591153,6505226,6617149,6590129,6521345,6559483,6515580,6537499,6418028
358,31,1,1,6713087,6684816,6566759,6612071,6544020,6592697,6589113,6567520,6646882,6538785,6640512,6577767,6492388,6603394,6577066,6508127,6545987,6501799,6523953,6405985
359,0,1,1,6725483,6697826,6579866,6624280,6556654,6605784,6601436,6580171,6659738,6551637,6653827,6590534,6505164,6615619,6589974,6521921,6559292,6514709,6536640,6418788
360,31,1,1,6712988,6686030,6567091,6611049,6544580,6592713,6588753,6567711,6646729,6539062,6640683,6577470,6492557,6603466,6577267,6508615,6546274,6501496,6523509,6405272
361,0,1,1,6725333,6698859,6579393,6622705,6556540,6605114,6601070,6579963,6658714,6551912,6653935,6590600,6504569,6616309,6590321,6521266,6559031,6514304,6536297,6418024
362,31,1,1,6714258,6686581,6567635,6610704,6544505,6593754,6589202,6568298,6647139,6539272,6640863,6577674,6491889,6603819,6577928,6508594,6546504,6502373,6524085,6406323
363,0,1,1,6725749,6698529,6579453,6623094,6555979,6605383,6601235,6580505,6659378,6551158,6653030,6589790,6503528,6615942,6589399,6521074,6558146,6514309,6536450,6418578
364,31,1,1,6713109,6686233,6566353,6610105,6544253,6592977,6588708,6567697,6647208,6538406,6640785,6577318,6491231,6602768,6576851,6507523,6545182,6501732,6523106,6405827
365,0,1,1,6726345,6699880,6579963,6623706,6557333,6606201,6602267,6581210,6660369,6551804,6654379,6590633,6505032,6616609,6590212,6521565,6559411,6515662,6536932,6419372
366,31,1,1,6713474,6687118,6567956,6611381,6544890,6594511,6590238,6567929,6647625,6539303,6640844,6577761,6492809,6603233,6577161,6508798,6545755,6501913,6524324,6406692
367,0,1,1,6725040,6698479,6579364,6622825,6556615,6605829,6602100,6579866,6659216,6551940,6653448,6590327,6504379,6614835,6589936,6520891,6558663,6514671,6536588,6419291
368,31,1,1,6713906,6686874,6568067,6611545,6545458,6594409,6590240,6568539,6647789,6539651,6640836,6578094,6492708,6602821,6577990,6508619,6545971,6502136,6524458,6407211
369,0,1,1,6725662,6698116,6579396,6623103,6557015,6605940,6601498,6580272,6659214,6552019,6653454,6590325,6504152,6614709,6589545,6520775,6558831,6513964,6536663,6418752
370,31,1,1,6714052,6686738,6567664,6611157,6545228,6593861,6590329,6567965,6646881,6540229,6641208,6577939,6492492,6603769,6577037,6508711,6546832,6502103,6524522,6406711
371,0,1,1,6727055,6699328,6579831,6623860,6557814,6606863,6602873,6580966,6660059,6552519,6654554,6591253,6505613,6617101,6590530,6521543,6560096,6515288,6537117,6419512
372,31,1,1,6714009,6686825,6567551,6611486,6544792,6594086,6590390,6567687,6646908,6539380,6641446,6578412,6492453,6603454,6577702,6508120,6546502,6502127,6523864,6406008
373,0,1,1,6726394,6698589,6579602,6623541,6556990,6606632,6602191,6580062,6659737,6552436,6653691,6590707,6504327,6615982,6590373,6520187,6559223,6514527,6536338,6418470
374,31,1,1,6714351,6686818,6567688,6611697,6544661,6593592,6590028,6567632,6647612,6540099,6640823,6578760,6492421,6602178,6578310,6507887,6546157,6502161,6524145,6406270
375,0,1,1,6725621,6699822,6579720,6623878,6556802,6605748,6602214,6580790,6660408,6552103,6653340,6591211,6504625,6615530,6591081,6520783,6559273,6514568,6537019,6419108
376,31,1,1,6712741,6687014,6567330,6611285,6544302,6593844,6589332,6567695,6647961,6539514,6640366,6578444,6492238,6603609,6578610,6508506,6545744,6502026,6524429,6406420
377,0,1,1,6725050,6699338,6579184,6623224,6556602,6606344,6602098,6579833,6660486,6552250,6653478,6590156,6504506,6616468,6590470,6521157,6558806,6514382,6536771,6418371
378,31,1,1,6713398,6686907,6567211,6610622,6543786,6593671,6589824,6568008,6647192,6539409,6640590,6577832,6491753,6603935,6577156,6507263,6545840,6501648,6523680,6405318
379,0,1,1,6726546,6699915,6580082,6624084,6556495,6606606,6602986,6580413,6660219,6552727,6654233,6590871,6504214,6616685,6589893,6521111,6559631,6514806,6537113,6418506
380,31,1,1,6714536,6687253,6567748,6611737,6544420,6594306,6590216,6568149,6648309,6539636,6641536,6578448,6492173,6604123,6578024,6508279,6545877,6502024,6524311,6406174
381,0,1,1,6726337,6698396,6579827,6623727,6556925,6605783,6602177,6580523,6660963,6552473,6653154,6590751,6504718,6616295,6591369,6520828,6559042,6515238,6537040,6418432
382,31,1,1,6713880,6686760,6567484,6611386,6544293,6593416,6588820,6568656,6648410,6539267,6640301,6577872,6492166,6603854,6578287,6507770,6546014,6501944,6523623,6405751
383,0,1,1,6726646,6699649,6579786,6623891,6556239,6606854,6601984,6580862,6660639,6552118,6653730,6590881,6504612,6616947,6590059,6520808,6559762,6514631,6536745,6418869
384,31,1,1,6714062,6687711,6568015,6611909,6543690,6594029,6590155,6567757,6648162,6539913,6640789,6578007,6493010,6604020,6577055,6507816,6546748,6502166,6524307,6405833
385,0,1,1,6724885,6698131,6579096,6623085,6555423,6604476,6601973,6578998,6660382,6551902,6652818,6589669,6504670,6615862,6588986,6519460,6558475,6514062,6536054,6417662
386,31,1,1,6713258,6686192,6567493,6610615,6543700,6592943,6589982,6567397,6648447,6540253,6640425,6577653,6493079,6603694,6577031,6507305,6546747,6501308,6523976,6405981
387,0,1,1,6726436,6699188,6579515,6622737,6555710,6605295,6602051,6579576,6660442,6552135,6652953,6589786,6505930,6616552,6589622,6520232,6559483,6514289,6536887,6418544
388,31,1,1,6714713,6687554,6568194,6611537,6544928,6593929,6590728,6568034,6648446,6539944,6640645,6577747,6493533,6604901,6577727,6508789,6546983,6501952,6524781,6407159
389,0,1,1,6727068,6699276,6578911,6623082,6556043,6606023,6602483,6579975,6660413,6551616,6652573,6590256,6505421,6616354,6591040,6521491,6559190,6514453,6537212,6418529
390,31,1,1,6714966,6687274,6566806,6611126,6544211,6594287,6590222,6567919,6647651,6538965,6639735,6577315,6493136,6604468,6578586,6508810,6545780,6501332,6524066,6405804
391,0,1,1,6726518,6699430,6579320,6623278,6556878,6606124,6601993,6580226,6660496,6551685,6652800,6589782,6505150,6616726,6592319,6520915,6558671,6514089,6536810,6418401
392,31,1,1,6714324,6687386,6566754,6610579,6544113,6593241,6589777,6568057,6648164,6539237,6640267,6577447,6493539,6604440,6578705,6507820,6546201,6501966,6524404,6406338
393,0,1,1,6725738,6699417,6578447,6622256,6555215,6604900,6601065,6578879,6660457,6551363,6653344,6589042,6504878,6616509,6590351,6519592,6558818,6514077,6536349,6418227
394,31,1,1,6713827,6686681,6566001,6610251,6543028,6592686,6588657,6566783,6647425,6538710,6640037,6576485,6492394,6603424,6577016,6506576,6545460,6501587,6523269,6405448
395,0,1,1,6726317,6699624,6578619,6623305,6555127,6605314,6601790,6579474,6659908,6551315,6652749,6590202,6505455,6616212,6590262,6519570,6559614,6514893,6537378,6418409
396,31,1,1,6713323,6686400,6566000,6611205,6542955,6592634,6588482,6566974,6646980,6538225,6639535,6577347,6492093,6603890,6576696,6506427,6545967,6500842,6523950,6405215
397,0,1,1,6726047,6699285,6578276,6622889,6554669,6604876,6601352,6579383,6659218,6551325,6652216,6590039,6504991,6615596,6589473,6519905,6558769,6514054,6536740,6417633
398,31,1,1,6713533,6687074,6566109,6611220,6542616,6592296,6589099,6567139,6647042,6538769,6639705,6576868,6492812,6603266,6576932,6506281,6545676,6500818,6523648,6405181
399,0,1,1,6725735,6698922,6579035,6623549,6555783,6604466,6602015,6579028,6659639,6551286,6652135,6589551,6504946,6615807,6589981,6519620,6557676,6514414,6536970,6417576
400,31,1,1,6713520,6686537,6567198,6611256,6544065,6592656,6589382,6566952,6647910,6539206,6640065,6577103,6492738,6603353,6577660,6507126,6545952,6501709,6524260,6405739
401,0,1,1,6726162,6699076,6579264,6622534,6556208,6605008,6601455,6579525,6660606,6551739,6653109,6589967,6504746,6616166,6590298,6519901,6558024,6514547,6536957,6417775
402,31,1,1,6713442,6686402,6567023,6610468,6543686,6592575,6589037,6566617,6647089,6539089,6639513,6577185,6491912,6602604,6576995,6506766,6545875,6501732,6523852,6405716
403,0,1,1,6725926,6698629,6578580,6623178,6554825,6604207,6601226,6579609,6659935,6551396,6652531,6589994,6504650,6614960,6589896,6519884,6558381,6514612,6535891,6417958
404,31,1,1,6714053,6687550,6566870,6611145,6542818,6592829,6589403,6568035,6647140,6538903,6639629,6577652,6492834,6603022,6576980,6507333,6545963,6502098,6523098,6405578
405,0,1,1,6725375,6699294,6578858,6622546,6554674,6604237,6600554,6579169,6658627,6551047,6651563,6589382,6504560,6614601,6589484,6519766,6558159,6513907,6535757,6417301
406,31,1,1,6714283,6687022,6566550,6610388,6542330,6592338,6588927,6566998,6646558,6537914,6638697,6577266,6491868,6602021,6576842,6507118,6546011,6501397,6523204,6405239
407,0,1,1,6726213,6699817,6578447,6623198,6554921,6605356,6601301,6579879,6659117,6551837,6652724,6589762,6504492,6614818,6589919,6520861,6559220,6514352,6535888,6418732
408,31,1,1,6713204,6687201,6566409,6609990,6542831,6592651,6588996,6566907,6646398,6537727,6639668,6576933,6491624,6602246,6576622,6507166,6545294,6500603,6523133,6405536
409,0,1,1,6724761,6698707,6578014,6622741,6554775,6605259,6601095,6579183,6658499,6550384,6651664,6589615,6504004,6614514,6589355,6519631,6557600,6512983,6535637,6417873
410,31,1,1,6711995,6686004,6565016,6609212,6542284,6592211,6588105,6566327,6646402,6538022,6638956,6576745,6491636,6601938,6576158,6506158,6543854,6500314,6523242,6404301
411,0,1,1,6725974,6698847,6578155,6622623,6554109,6605085,6601210,6579301,6659253,6551050,6652174,6589979,6504283,6613846,6589316,6519900,6557598,6513684,6536794,6417572
412,31,1,1,6713444,6686671,6566027,6610506,6542552,6592558,6589591,6567405,6647319,6538582,6639624,6578121,6492688,6602490,6576374,6507342,6545482,6500981,6524597,6405230
413,0,1,1,6725418,6698843,6578101,6622482,6554277,6604744,6601890,6578946,6659415,6551128,6652298,6589994,6504850,6614517,6588539,6520002,6557888,6513389,6536588,6417038
414,31,1,1,6712706,6685761,6565535,6609744,6541908,6592575,6588620,6566681,6646789,6537974,6638947,6576984,6492015,6601503,6576154,6506820,6544610,6500782,6523050,6404028
415,0,1,1,6724837,6698058,6577605,6622097,6554719,6604846,6600645,6578687,6659126,6550841,6651249,6588891,6503465,6613740,6588247,6519625,6557321,6512810,6534762,6416826
416,31,1,1,6713318,6686349,6564874,6609766,6542795,6592608,6589337,6566999,6646624,6537889,6638854,6576338,6491162,6600979,6575847,6506480,6544796,6500851,6522299,6404106
417,0,1,1,6726245,6699611,6578239,6622629,6555605,6605008,6601536,6579551,6660127,6551780,6651903,6589344,6504473,6614449,6588884,6520145,6557725,6513858,6535395,6417545
418,31,1,1,6714118,6686949,6566346,6610526,6543043,6592297,6588786,6567151,6647334,6538873,6639057,6576625,6491977,6601255,6576827,6506374,6544939,6500225,6522996,6404655
419,0,1,1,6726717,6698729,6578487,6622662,6555849,6604715,6601590,6579311,6659474,6551947,6651769,6589640,6504043,6613797,6589264,6519630,6558732,6513756,6535612,6416985
420,31,1,1,6714534,6687591,6567224,6611007,6543950,6593783,6590223,6567989,6647346,6540233,6639729,6577305,6492909,6601519,6576991,6507507,6546437,6502006,6523973,6405377
421,0,1,1,6725982,6699706,6578700,6622789,6555132,6605896,6602472,6579667,6659955,6552306,6652807,6589975,6505409,6613632,6589483,6520648,6558286,6513289,6536635,6417063
422,31,1,1,6714386,6687671,6566766,6610581,6543520,6593477,6590258,6567809,6647333,6539044,6640237,6577900,6492881,6601140,6577349,6507486,6546518,6500446,6523457,6404683
423,0,1,1,6725601,6698950,6577631,6621796,6555182,6605281,6601770,6578986,6658823,6550199,6652248,6589638,6504724,6613343,6588391,6519170,6558962,6512513,6535599,6416720
424,31,1,1,6713667,6687473,6566037,6610574,6542518,6593404,6589322,6566330,6646439,6538674,6639590,6577551,6492376,6601083,6577140,6506849,6545893,6501254,6522989,6404502
425,0,1,1,6725557,6699416,6578524,6622609,6555633,6605544,6601920,6579409,6659816,6551407,6652296,6590139,6504365,6613405,6589693,6520000,6558386,6513897,6535215,6416606
426,31,1,1,6713007,6687231,6567151,6610981,6543159,6593648,6589856,6567401,6647572,6538645,6640368,6577681,6492148,6602514,6577224,6507624,6546660,6501378,6523324,6404672
427,0,1,1,6725336,6699553,6578693,6622798,6555736,6605675,6602070,6579797,6659282,6550796,6652629,6589748,6504803,6614934,6589225,6519900,6558859,6514286,6536125,6416639
428,31,1,1,6713601,6686491,6566090,6610926,6543754,6593227,6589561,6566978,6646584,6537678,6638858,6577411,6492489,6601450,6575533,6506758,6545997,6500662,6523308,6404289
429,0,1,1,6725336,6698079,6577965,6622859,6555852,6605826,6601572,6579632,6658616,6550647,6652897,6590104,6504944,6614690,6589456,6519964,6559108,6514462,6535914,6416751
430,31,1,1,6713261,6686323,6566051,6610574,6543902,6593755,6589558,6567400,6646308,6538187,6640213,6578091,6492597,6602205,6576823,6506972,6546665,6501657,6523778,6404406
431,0,1,1,6725815,6698922,6578562,6623242,6555822,6606449,6602227,6579453,6659444,6551630,6653511,6590256,6505489,6615236,6590008,6520092,6559375,6514971,6536350,6417222
432,31,1,1,6713964,6687231,6567190,6611468,6543908,6593888,6589771,6567639,6647270,6539597,6641162,6578526,6493353,6603439,6577336,6507803,6546434,6502776,6524155,6404542
433,0,1,1,6725904,6698964,6578801,6623721,6555697,6605600,6601567,6579133,6660049,6551199,6653510,6590760,6505827,6615411,6590377,6520602,6559604,6515079,6536474,6416342
434,31,1,1,6714104,6686594,6566038,6610957,6543708,6592483,6589184,6566397,6647065,6538366,6640098,6578023,6493221,6602857,6577776,6507152,6546051,6501827,6523025,6404460
435,0,1,1,6725911,6698579,6578321,6622448,6555052,6605105,6601338,6578845,6659151,6550477,6652987,6590136,6505803,6614924,6589194,6519944,6558413,6514537,6535511,6415788
436,31,1,1,6714228,6686857,6566538,6610905,6543680,6593603,6589906,6566927,6647268,6539019,6640406,6578099,6493743,6603011,6577624,6507873,6546200,6502516,6523308,6404006
437,0,1,1,6726301,6699175,6578997,6623056,6555814,6606464,6602149,6579966,6659973,6551964,6653203,6590426,6506069,6616147,6590234,6520522,6558190,6514648,6536281,6416538
438,31,1,1,6713979,6687430,6566658,6611366,6543792,6593562,6590128,6567467,6648115,6539883,6640850,6578416,6494260,6602826,6577826,6507829,6546701,6502436,6523579,6405017
439,0,1,1,6726580,6700337,6579993,6624204,6556320,6606267,6602610,6580493,6660855,6553197,6653905,6590994,6506545,6616150,6590719,6521304,6560433,6515260,6536469,6417392
440,31,1,1,6714056,6687500,6567635,6611166,6543373,6593246,6589664,6567636,6648147,6539970,6640042,6578520,6493797,6603541,6577445,6508081,6547068,6501929,6523218,6405435
441,0,1,1,6726260,6699865,6580297,6624346,6555075,6605997,6602293,6579895,6660631,6553006,6653121,6591279,6506912,6615480,6589958,6520800,6560353,6514689,6536626,6417960
442,31,1,1,6713445,6688121,6567776,6611849,6543046,6593648,6589708,6567553,6647370,6539939,6640426,6578180,6494459,6602841,6576976,6508146,6546913,6502643,6523601,6404621
443,0,1,1,6725837,6699994,6579489,6623496,6554611,6605327,6602345,6579934,6659651,6552083,6653057,6590328,6506023,6614967,6589612,6520335,6559197,6514564,6536206,6416767
444,31,1,1,6713554,6687771,6567185,6611593,6543493,6593188,6590807,6567291,6647357,6539093,6641058,6577950,6493577,6603041,6577635,6507911,6547037,6502887,6523549,6405114
445,0,1,1,6726505,6699672,6579482,6623190,6555377,6605515,6602678,6579562,6659624,6551459,6652762,6590034,6505799,6615824,6589873,6520938,6559271,6514908,6535847,6417718
446,31,1,1,6714232,6686852,6567355,6610419,6543167,6592750,6589814,6566890,6646661,6539030,6640169,6578067,6493102,6602941,6578020,6507659,6546526,6502041,6522892,6404750
447,0,1,1,6725478,6698436,6578654,6622363,6555093,6604963,6601799,6579142,6659198,6551573,6653179,6590274,6505782,6614753,6590261,6520552,6559433,6514064,6535709,6416582
448,31,1,1,6714339,6687275,6567786,6610770,6544357,6593311,6590258,6567695,6647660,6540512,6640912,6578508,6493821,6602944,6577685,6508038,6546421,6502542,6523788,6404645
449,0,1,1,6726103,6700456,6579381,6623571,6556653,6606596,6602291,6580261,6660675,6553593,6653799,6590967,6506729,6614830,6590233,6521252,6559813,6515452,6536998,6417777
450,31,1,1,6713419,6688448,6567722,6611060,6543969,6593324,6589459,6567030,6647752,6540603,6641063,6577891,6494148,6603969,6577080,6507808,6546297,6502346,6523981,6405007
451,0,1,1,6725653,6699978,6579769,6622370,6555754,6605248,6601235,6579483,6659745,6552042,6653915,6590166,6505853,6615224,6589177,6520992,6559230,6514341,6536059,6417336
452,31,1,1,6714110,6687680,6568205,6610575,6544386,6594030,6589224,6567907,6647229,6539788,6641207,6577497,6494124,6603990,6577720,6508479,6546617,6502719,6523357,6405493
453,0,1,1,6725990,6699577,6579458,6622776,6556271,6605581,6601550,6579891,6659755,6552075,6652963,6589800,6506020,6615654,6591245,6521468,6559275,6515001,6536114,6416669
454,31,1,1,6714153,6688113,6567662,6610913,6544689,6593170,6589654,6567733,6647780,6539255,6640443,6577408,6493944,6603607,6579048,6508626,6546989,6503481,6523622,6405133
455,0,1,1,6726220,6699971,6580019,6623568,6556840,6605800,6602198,6579581,6659688,6552689,6652839,6590179,6505413,6615689,6591526,6521094,6560131,6515702,6536345,6417040
456,31,1,1,6714254,6688201,6567647,6611516,6544632,6594170,6590114,6567631,6647492,6540646,6640535,6577902,6494610,6603967,6579119,6509037,6547620,6503764,6523597,6405470
457,0,1,1,6725359,6699286,6579330,6622998,6555945,6605901,6601814,6580476,6659420,6552547,6653075,6589744,6505797,6615189,6590545,6520598,6559303,6515666,6535192,6416657
458,31,1,1,6712965,6687128,6567040,6610552,6542733,6593024,6588723,6567211,6646544,6539076,6639638,6577382,6493174,6603053,6577405,6507533,6545241,6502054,6522354,6403660
459,0,1,1,6725737,6699829,6579760,6623014,6555952,6605887,6601631,6580079,6659085,6552740,6653827,6590496,6505457,6616402,6589871,6521107,6558752,6514616,6536206,6416731
460,31,1,1,6713653,6687954,6567861,6611577,6544531,6593352,6589896,6567648,6646964,6540738,6641121,6578279,6493631,6604072,6578442,6508963,6546204,6502528,6523467,6404815
461,0,1,1,6724916,6699900,6578982,6622603,6555714,6604744,6601342,6579202,6659012,6552316,6652697,6590052,6504972,6614862,6589883,6520934,6559089,6514949,6535774,6416127
462,31,1,1,6712921,6687874,6567766,6611050,6543179,6592597,6589565,6567241,6646499,6540007,6639835,6577652,6493479,6602353,6576665,6508196,6547116,6502168,6522906,6404538
463,0,1,1,6725645,6699734,6580577,6624048,6556892,6605245,6602335,6580080,6659692,6553010,6652910,6590461,6506092,6615492,6588569,6521334,6559497,6514878,6536171,6417244
464,31,1,1,6713582,6687959,6568445,6611532,6544603,6594101,6589478,6567615,6647744,6539927,6640342,6578457,6493798,6603142,6577286,6508386,6546426,6502833,6523635,6404923
465,0,1,1,6726136,6700472,6580490,6624041,6557582,6606414,6602070,6580332,6660884,6553409,6653053,6590990,6505696,6616783,6590411,6521364,6560017,6516054,6537318,6417983
466,31,1,1,6713373,6687511,6567870,6611285,6544561,6593750,6588954,6567660,6647778,6539789,6640104,6577826,6493238,6603234,6577669,6507789,6546131,6502208,6523675,6404942
467,0,1,1,6725958,6699717,6579718,6623436,6556294,6605885,6600900,6579990,6660752,6552226,6653216,6590030,6505840,6615438,6590162,6520961,6559290,6515453,6537028,6417806
468,31,1,1,6714907,6688099,6569020,6611435,6545534,6594500,6589006,6568497,6648386,6540513,6641278,6578359,6494509,6604133,6578422,6509131,6546622,6503528,6524297,6405640
469,0,1,1,6726497,6700272,6580364,6623761,6557101,6606613,6601720,6580045,6660234,6552622,6654165,6590730,6506883,6616779,6591136,6521742,6559587,6515738,6537613,6418190
470,31,1,1,6714035,6688419,6567452,6611298,6545054,6593553,6589513,6568403,6646905,6539472,6641002,6578061,6493827,6602717,6577745,6508772,6545877,6502331,6524059,6404869
471,0,1,1,6726003,6699972,6579288,6622725,6556610,6605756,6601422,6579801,6659368,6552114,6653152,6590138,6506330,6615426,6590695,6521427,6559491,6515005,6536692,6417486
472,31,1,1,6714067,6687641,6568093,6610571,6544439,6594012,6589341,6567825,6647735,6539506,6641310,6577891,6494348,6603782,6578399,6508612,6547101,6503062,6524247,6405973
473,0,1,1,6725933,6699855,6579801,6623064,6555895,6605355,6601249,6579313,6659741,6551570,6653281,6589884,6505369,6615405,6590895,6521114,6559209,6515383,6536041,6417791
474,31,1,1,6714388,6688472,6568502,6611403,6544125,6593468,6589610,6567468,6647847,6539527,6640681,6577940,6493643,6603481,6578592,6508650,6546596,6502982,6524032,6405309
475,0,1,1,6726572,6701222,6580221,6623566,6556399,6605893,6602335,6580251,6659947,6551988,6653911,6589923,6507150,6616557,6590868,6521542,6559789,6516034,6537164,6417539
476,31,1,1,6714206,6688611,6568044,6611814,6544612,6593818,6589578,6568124,6647027,6539513,6640674,6577413,6494469,6603701,6577948,6508974,6546863,6503298,6524501,6405217
477,0,1,1,6726956,6700603,6581326,6624629,6557657,6606860,6602917,6580566,6660329,6553463,6654288,6591097,6507283,6616934,6590990,6521794,6560486,6516805,6537992,6417885
478,31,1,1,6714342,6687321,6568944,6611770,6544465,6593414,6589999,6567985,6647023,6540471,6640765,6577835,6493957,6602771,6577988,6507868,6545551,6503114,6524174,6405153
479,0,1,1,6725771,6700311,6581056,6623566,6556142,6605830,6602207,6580936,6659592,6553758,6653495,6590883,6505947,6615468,6590364,6521372,6559483,6516110,6537051,6417640
480,31,1,1,6714318,6688071,6568213,6611789,6544286,6593330,6590260,6568496,6646834,6541058,6641298,6578719,6493894,6603589,6577812,6508141,6546616,6503162,6523795,6405092
481,0,1,1,6726678,6700691,6580963,6625022,6557717,6606347,6602644,6581148,6661184,6553673,6654372,6591717,6506660,6616211,6591057,6521181,6559985,6516214,6536822,6417581
482,31,1,1,6714287,6687917,6568090,6611946,6545756,6593705,6590838,6568344,6648485,6540990,6641187,6578471,6493613,6602899,6578536,6508057,6546790,6503538,6523428,6405235
483,0,1,1,6725911,6699160,6579853,6624110,6557284,6605391,6602115,6580558,6660783,6552512,6653956,6590579,6505779,6615809,6591418,6520734,6560335,6515286,6536446,6417845
484,31,1,1,6714178,6688474,6568120,6612111,6545283,6593762,6589563,6568911,6648443,6539952,6640970,6577935,6493549,6603205,6578769,6508416,6547514,6503002,6524057,6405625
485,0,1,1,6727710,6700713,6580485,6624508,6557767,6606750,6603070,6581285,6660742,6553667,6654232,6591020,6505935,6616786,6591078,6521389,6560693,6516326,6537419,6417660
486,31,1,1,6714542,6687989,6568416,6612154,6545408,6593915,6590158,6568528,6647483,6540188,6640677,6577802,6493594,6603626,6577688,6509020,6546113,6502944,6524503,6405259
487,0,1,1,6726829,6700108,6580783,6624804,6556884,6606414,6603080,6581253,6661236,6553125,6654100,6591025,6506292,6616129,6590799,6521205,6559375,6516698,6538163,6417701
488,31,1,1,6714377,6688842,6568812,6612828,6545392,6594721,6591144,6569203,6648808,6540999,6641639,6578600,6494121,6603983,6578131,6508579,6547158,6504143,6525994,6406110
489,0,1,1,6725903,6700774,6580441,6624686,6557181,6605589,6603234,6581160,6660982,6552840,6653864,6590470,6505627,6616456,6591374,6521484,6558695,6516306,6537748,6418971
490,31,1,1,6713500,6687840,6567733,6612181,6544362,6593481,6589823,6567394,6647730,6540149,6640503,6577492,6492771,6603675,6577697,6507530,6545370,6503078,6524048,6405506
491,0,1,1,6725900,6699901,6580494,6624543,6556704,6605741,6602510,6580528,6660563,6553001,6654398,6590643,6505817,6615597,6590289,6520699,6558355,6516050,6536495,6418206
492,31,1,1,6712995,6687271,6566919,6612621,6544113,6592632,6589148,6567449,6647615,6539781,6640475,6577200,6493085,6603350,6577558,6507575,6545113,6502333,6523129,6405224
493,0,1,1,6725374,6700602,6579776,6625499,6557385,6605748,6602735,6580995,6660295,6552755,6654122,6590865,6505661,6616630,6590885,6520886,6558549,6514998,6537069,6418376
494,31,1,1,6713226,6687561,6567676,6612233,6544370,6593375,6589768,6567732,6647236,6539200,6639996,6577650,6492810,6603102,6578340,6507016,6544604,6501684,6524360,6404668
495,0,1,1,6726496,6700958,6580996,6625907,6557829,6606222,6602928,6581093,6661245,6553068,6654071,6591400,6505986,6616607,6591752,6521107,6559131,6515984,6538380,6418412
496,31,1,1,6714626,6688266,6568512,6612531,6544211,6593431,6589779,6567791,6647911,6540095,6640760,6578261,6493440,6603550,6578378,6507685,6545967,6502661,6525074,6405535
497,0,1,1,6727075,6700681,6580367,6624705,6556633,6605727,6602223,6580589,6660760,6552997,6652723,6591147,6506080,6616206,6590331,6520800,6558949,6515382,6537415,6417434
498,31,1,1,6714663,6687560,6567785,6612370,6544337,6594321,6589844,6568600,6647701,6539496,6640373,6578807,6493243,6603788,6578008,6508334,6546181,6502711,6524453,6404491
499,0,1,1,6725848,6699249,6579388,6624515,6556676,6605785,6601940,6580036,6659557,6551578,6652541,6590645,6505000,6615456,6590551,6520616,6559175,6515140,6536246,6416537
