rep,heat_enabled,transmitter_bit,transmitter_mask,ctrl_0_ro_0,ctrl_0_ro_1,ctrl_0_ro_2,ctrl_0_ro_3,ctrl_0_ro_4,ctrl_1_ro_0,ctrl_1_ro_1,ctrl_1_ro_2,ctrl_1_ro_3,ctrl_1_ro_4,ctrl_2_ro_0,ctrl_2_ro_1,ctrl_2_ro_2,ctrl_2_ro_3,ctrl_2_ro_4,ctrl_3_ro_0,ctrl_3_ro_1,ctrl_3_ro_2,ctrl_3_ro_3,ctrl_3_ro_4
0,1,0,18,76702,76283,75471,75477,76118,69347,68175,68707,68310,68155,76999,76282,75767,76223,75861,65883,65108,65317,65744,65204
1,0,0,18,77313,76888,76050,76055,76704,69816,68670,69185,68779,68642,77606,76874,76366,76828,76444,66345,65570,65786,66215,65666
2,1,0,18,76738,76323,75487,75479,76134,69356,68213,68710,68325,68185,77022,76295,75787,76250,75866,65897,65119,65339,65766,65218
3,0,0,18,77318,76892,76055,76035,76708,69818,68668,69175,68786,68642,77601,76861,76372,76812,76435,66356,65580,65790,66221,65680
4,1,0,18,76751,76337,75513,75488,76154,69378,68229,68736,68346,68206,77045,76305,75808,76258,75883,65915,65138,65350,65781,65236
5,0,0,18,77328,76900,76073,76051,76722,69829,68674,69192,68789,68637,77613,76876,76364,76813,76445,66360,65575,65785,66231,65686
6,1,0,18,76749,76325,75517,75490,76158,69372,68232,68737,68342,68183,77042,76308,75798,76262,75870,65904,65129,65345,65792,65238
7,0,0,18,77332,76907,76080,76046,76738,69835,68692,69207,68797,68648,77624,76869,76384,76836,76446,66353,65584,65792,66236,65689
8,1,0,18,76759,76339,75513,75476,76175,69372,68246,68745,68334,68198,77040,76303,75791,76259,75866,65912,65146,65340,65787,65231
9,0,0,18,77330,76914,76060,76041,76735,69828,68701,69199,68795,68649,77607,76872,76363,76830,76436,66355,65592,65785,66235,65679
10,1,0,18,76761,76334,75493,75478,76171,69382,68245,68725,68329,68192,77025,76298,75809,76255,75868,65896,65141,65347,65783,65232
11,0,0,18,77324,76892,76044,76037,76734,69828,68682,69171,68783,68636,77586,76860,76359,76820,76424,66332,65576,65775,66210,65663
12,1,0,18,76766,76340,75500,75500,76180,69380,68251,68724,68351,68194,77036,76313,75794,76275,75883,65912,65151,65345,65787,65241
13,0,0,18,77329,76900,76053,76039,76739,69823,68687,69183,68789,68633,77603,76876,76374,76830,76432,66351,65586,65786,66226,65685
14,1,0,18,76764,76334,75476,75474,76154,69371,68231,68716,68328,68196,77028,76301,75789,76240,75856,65900,65136,65329,65769,65231
15,0,0,18,77343,76911,76048,76050,76740,69830,68689,69183,68790,68664,77607,76888,76372,76824,76437,66357,65589,65789,66225,65690
16,1,0,18,76768,76338,75487,75485,76177,69378,68238,68731,68348,68215,77027,76315,75796,76260,75872,65898,65139,65342,65784,65246
17,0,0,18,77336,76900,76044,76041,76740,69835,68685,69184,68798,68664,77614,76887,76368,76832,76433,66345,65579,65788,66233,65695
18,1,0,18,76764,76313,75481,75487,76164,69377,68237,68728,68344,68210,77044,76308,75789,76257,75867,65892,65124,65336,65772,65240
19,0,0,18,77339,76895,76054,76053,76746,69841,68702,69198,68812,68685,77629,76892,76387,76849,76438,66351,65587,65793,66233,65702
20,1,0,18,76753,76315,75494,75479,76164,69373,68249,68725,68342,68221,77044,76315,75795,76263,75854,65896,65134,65337,65774,65235
21,0,0,18,77324,76896,76053,76032,76733,69828,68698,69172,68795,68662,77604,76885,76364,76822,76417,66340,65568,65778,66227,65679
22,1,0,18,76761,76340,75508,75486,76181,69379,68242,68723,68338,68231,77045,76319,75817,76264,75864,65908,65133,65339,65791,65248
23,0,0,18,77316,76899,76048,76027,76732,69821,68679,69171,68773,68671,77609,76875,76365,76822,76414,66337,65571,65766,66220,65665
24,1,0,18,76766,76348,75503,75491,76182,69385,68248,68732,68343,68236,77046,76320,75811,76265,75864,65907,65142,65337,65795,65230
25,0,0,18,77327,76915,76054,76044,76748,69837,68702,69185,68795,68668,77615,76900,76380,76826,76433,66351,65576,65780,66244,65675
26,1,0,18,76750,76339,75493,75481,76175,69377,68241,68722,68345,68212,77033,76320,75804,76260,75869,65895,65125,65327,65781,65218
27,0,0,18,77325,76907,76043,76044,76749,69834,68689,69182,68800,68664,77610,76894,76373,76833,76442,66351,65577,65781,66224,65682
28,1,0,18,76752,76332,75471,75476,76171,69373,68236,68714,68349,68199,77020,76312,75786,76255,75865,65896,65144,65326,65773,65230
29,0,0,18,77337,76905,76032,76024,76742,69829,68692,69183,68795,68656,77599,76889,76369,76819,76442,66347,65590,65783,66221,65679
30,1,0,18,76754,76334,75461,75462,76170,69370,68240,68713,68337,68192,77016,76316,75795,76244,75872,65898,65137,65333,65780,65237
31,0,0,18,77336,76897,76021,76011,76741,69823,68690,69175,68793,68648,77599,76887,76365,76817,76421,66334,65582,65778,66226,65679
32,1,0,18,76763,76325,75467,75466,76176,69373,68239,68728,68346,68201,77023,76316,75778,76251,75860,65882,65136,65336,65779,65232
33,0,0,18,77345,76906,76042,76028,76751,69835,68700,69199,68810,68663,77594,76894,76370,76827,76443,66342,65589,65788,66239,65691
34,1,0,18,76761,76332,75466,75463,76172,69370,68236,68728,68344,68197,77011,76307,75790,76248,75855,65878,65117,65328,65783,65225
35,0,0,18,77335,76907,76029,76028,76731,69836,68694,69193,68805,68662,77598,76876,76372,76831,76426,66331,65573,65781,66227,65666
36,1,0,18,76766,76345,75469,75473,76161,69374,68240,68734,68347,68214,77014,76310,75796,76252,75865,65889,65131,65340,65776,65227
37,0,0,18,77338,76926,76048,76045,76737,69846,68705,69191,68808,68674,77611,76900,76373,76832,76439,66351,65576,65793,66241,65681
38,1,0,18,76763,76354,75501,75488,76174,69393,68264,68743,68362,68226,77030,76342,75803,76275,75886,65906,65139,65352,65805,65242
39,0,0,18,77340,76909,76050,76036,76732,69842,68705,69200,68813,68667,77598,76890,76373,76836,76429,66352,65581,65800,66243,65690
40,1,0,18,76774,76352,75488,75500,76182,69389,68261,68763,68359,68219,77025,76330,75799,76265,75859,65915,65140,65355,65807,65248
41,0,0,18,77345,76916,76027,76045,76741,69837,68709,69210,68814,68669,77590,76893,76381,76836,76417,66355,65586,65793,66240,65686
42,1,0,18,76774,76348,75485,75493,76185,69392,68270,68750,68368,68226,77018,76329,75823,76273,75863,65913,65143,65356,65796,65249
43,0,0,18,77350,76926,76054,76062,76747,69850,68720,69221,68816,68679,77599,76896,76399,76852,76427,66362,65589,65801,66243,65696
44,1,0,18,76775,76351,75494,75503,76180,69389,68261,68764,68363,68218,77019,76321,75807,76264,75862,65910,65144,65355,65788,65244
45,0,0,18,77330,76906,76037,76043,76741,69834,68704,69211,68802,68657,77588,76880,76375,76827,76427,66352,65566,65788,66236,65681
46,1,0,18,76781,76351,75496,75495,76188,69394,68263,68771,68364,68238,77030,76329,75820,76273,75876,65919,65148,65367,65807,65249
47,0,0,18,77350,76935,76054,76050,76747,69845,68713,69219,68820,68687,77607,76888,76393,76844,76441,66365,65596,65813,66253,65687
48,1,0,18,76769,76350,75495,75488,76171,69381,68253,68746,68346,68223,77028,76307,75814,76256,75872,65914,65134,65349,65796,65237
49,0,0,18,77347,76926,76058,76049,76751,69837,68711,69213,68818,68673,77606,76883,76401,76842,76449,66365,65584,65799,66250,65684
50,1,0,18,76765,76341,75482,75487,76168,69374,68250,68734,68351,68203,77014,76303,75802,76262,75863,65910,65135,65345,65793,65227
51,0,0,18,77373,76925,76058,76058,76761,69845,68714,69210,68827,68665,77622,76890,76383,76838,76438,66373,65602,65810,66252,65684
52,1,0,18,76806,76356,75508,75491,76198,69392,68264,68752,68363,68222,77038,76318,75820,76276,75881,65924,65162,65351,65799,65235
53,0,0,18,77364,76928,76058,76044,76755,69840,68704,69199,68800,68667,77600,76884,76389,76840,76427,66359,65594,65797,66241,65672
54,1,0,18,76794,76376,75510,75492,76198,69398,68267,68747,68364,68224,77033,76322,75817,76280,75870,65924,65150,65357,65799,65241
55,0,0,18,77364,76936,76064,76043,76750,69847,68716,69207,68814,68668,77600,76878,76391,76849,76429,66373,65595,65796,66238,65687
56,1,0,18,76791,76355,75502,75488,76180,69391,68260,68741,68355,68208,77023,76317,75815,76272,75863,65918,65159,65352,65786,65246
57,0,0,18,77356,76925,76056,76051,76753,69841,68707,69207,68802,68661,77596,76896,76383,76839,76434,66365,65597,65803,66238,65695
58,1,0,18,76773,76349,75502,75494,76181,69380,68254,68747,68350,68209,77019,76319,75813,76259,75859,65922,65146,65351,65780,65242
59,0,0,18,77340,76917,76059,76041,76739,69839,68696,69193,68795,68659,77595,76881,76374,76830,76423,66365,65593,65791,66228,65680
60,1,0,18,76770,76354,75500,75482,76176,69383,68251,68749,68357,68211,77026,76311,75813,76268,75862,65920,65157,65357,65781,65236
61,0,0,18,77353,76934,76056,76050,76753,69843,68713,69206,68823,68688,77591,76894,76412,76843,76440,66378,65609,65797,66236,65694
62,1,0,18,76773,76358,75501,75483,76189,69385,68259,68741,68370,68229,77018,76331,75829,76273,75873,65928,65165,65350,65796,65248
63,0,0,18,77343,76933,76058,76037,76764,69839,68697,69201,68814,68678,77586,76904,76410,76841,76446,66377,65610,65790,66240,65690
64,1,0,18,76776,76374,75496,75495,76200,69393,68262,68744,68365,68231,77025,76336,75835,76282,75880,65928,65173,65355,65806,65248
65,0,0,18,77334,76918,76055,76035,76759,69836,68701,69205,68799,68677,77578,76888,76389,76833,76430,66357,65602,65788,66234,65671
66,1,0,18,76774,76343,75500,75482,76176,69378,68242,68751,68349,68219,77009,76318,75814,76267,75863,65913,65159,65341,65787,65226
67,0,0,18,77348,76931,76068,76055,76766,69840,68709,69217,68811,68667,77594,76901,76396,76837,76438,66377,65601,65795,66253,65681
68,1,0,18,76772,76359,75493,75488,76184,69391,68253,68747,68358,68210,77015,76318,75828,76262,75868,65935,65148,65353,65797,65225
69,0,0,18,77345,76930,76059,76049,76763,69844,68705,69201,68814,68667,77585,76896,76405,76837,76442,66373,65599,65802,66252,65676
70,1,0,18,76770,76356,75487,75481,76190,69389,68252,68752,68354,68215,77014,76326,75819,76247,75867,65928,65150,65354,65801,65224
71,0,0,18,77346,76931,76048,76043,76757,69854,68713,69215,68808,68678,77599,76899,76404,76826,76443,66375,65601,65799,66253,65680
72,1,0,18,76787,76372,75505,75490,76207,69395,68269,68763,68364,68226,77032,76337,75834,76268,75889,65941,65161,65366,65806,65244
73,0,0,18,77357,76919,76063,76035,76754,69852,68716,69215,68803,68678,77597,76902,76411,76831,76448,66375,65605,65806,66253,65689
74,1,0,18,76789,76373,75504,75483,76204,69397,68270,68763,68365,68234,77028,76337,75839,76272,75885,65931,65162,65368,65807,65255
75,0,0,18,77336,76925,76042,76028,76752,69831,68704,69200,68804,68663,77574,76882,76404,76819,76423,66354,65574,65796,66231,65673
76,1,0,18,76757,76350,75482,75474,76180,69382,68258,68747,68360,68217,77006,76319,75829,76260,75869,65913,65149,65353,65796,65228
77,0,0,18,77342,76917,76042,76045,76765,69841,68715,69212,68818,68677,77593,76897,76403,76830,76441,66367,65616,65809,66253,65684
78,1,0,18,76777,76355,75499,75483,76201,69387,68266,68760,68356,68228,77020,76328,75834,76262,75876,65924,65157,65356,65810,65241
79,0,0,18,77358,76926,76061,76051,76770,69846,68722,69230,68806,68683,77596,76902,76416,76835,76445,66376,65605,65816,66260,65691
80,1,0,18,76767,76354,75491,75484,76192,69389,68254,68756,68347,68222,77012,76319,75829,76249,75874,65914,65154,65359,65810,65237
81,0,0,18,77344,76922,76051,76042,76760,69841,68708,69209,68811,68676,77582,76896,76410,76827,76436,66365,65600,65804,66259,65686
82,1,0,18,76770,76339,75493,75478,76190,69389,68255,68745,68354,68219,77009,76324,75826,76261,75865,65918,65148,65361,65810,65241
83,0,0,18,77351,76917,76064,76051,76760,69853,68717,69215,68811,68679,77600,76895,76406,76844,76449,66376,65601,65823,66267,65700
84,1,0,18,76766,76339,75492,75478,76178,69385,68257,68753,68348,68208,77012,76308,75821,76257,75868,65917,65149,65362,65807,65236
85,0,0,18,77334,76920,76046,76038,76762,69844,68709,69212,68802,68670,77599,76873,76403,76837,76437,66363,65599,65804,66254,65683
86,1,0,18,76759,76351,75479,75481,76188,69372,68253,68747,68347,68214,77013,76304,75814,76260,75874,65922,65150,65359,65804,65241
87,0,0,18,77332,76921,76036,76040,76754,69834,68711,69213,68795,68678,77591,76884,76392,76836,76426,66370,65599,65820,66252,65683
88,1,0,18,76774,76357,75498,75495,76194,69387,68267,68749,68344,68232,77017,76314,75826,76269,75875,65933,65160,65372,65806,65243
89,0,0,18,77342,76931,76057,76049,76759,69843,68712,69207,68798,68678,77596,76894,76406,76836,76445,66368,65610,65811,66244,65687
90,1,0,18,76738,76321,75476,75467,76162,69364,68237,68731,68327,68198,76994,76291,75798,76237,75847,65901,65144,65338,65777,65227
91,0,0,18,77327,76909,76052,76038,76744,69837,68699,69196,68794,68668,77588,76868,76390,76824,76436,66358,65589,65802,66233,65683
92,1,0,18,76764,76359,75498,75494,76185,69401,68254,68747,68359,68233,77026,76311,75814,76270,75886,65929,65159,65366,65803,65256
93,0,0,18,77335,76920,76048,76042,76756,69850,68698,69207,68817,68683,77596,76873,76401,76839,76441,66365,65588,65807,66238,65690
94,1,0,18,76760,76331,75485,75475,76177,69398,68243,68746,68361,68221,77021,76296,75809,76251,75870,65915,65149,65367,65789,65232
95,0,0,18,77324,76919,76052,76034,76751,69847,68705,69216,68813,68673,77595,76883,76391,76833,76435,66363,65601,65816,66243,65687
96,1,0,18,76757,76353,75504,75489,76190,69394,68261,68755,68366,68218,77027,76314,75820,76260,75872,65928,65166,65375,65798,65247
97,0,0,18,77329,76913,76053,76035,76759,69837,68704,69218,68808,68666,77592,76881,76381,76833,76435,66367,65612,65811,66238,65692
98,1,0,18,76773,76344,75504,75490,76193,69391,68263,68766,68363,68225,77034,76317,75822,76273,75880,65924,65167,65371,65809,65250
99,0,0,18,77343,76907,76051,76032,76748,69833,68700,69216,68806,68660,77591,76875,76400,76833,76439,66356,65596,65807,66240,65686
100,1,0,18,76757,76340,75486,75482,76184,69376,68243,68754,68350,68196,77008,76305,75806,76263,75869,65913,65147,65360,65790,65226
101,0,0,18,77329,76914,76054,76048,76741,69835,68690,69212,68805,68648,77586,76881,76389,76837,76430,66350,65595,65800,66242,65677
102,1,0,18,76756,76343,75493,75490,76170,69380,68247,68758,68356,68213,77018,76308,75821,76260,75859,65910,65145,65349,65792,65231
103,0,0,18,77335,76922,76054,76052,76758,69841,68710,69222,68818,68669,77607,76876,76398,76834,76429,66360,65605,65802,66243,65685
104,1,0,18,76757,76346,75495,75489,76178,69391,68255,68752,68356,68215,77027,76305,75826,76261,75863,65915,65160,65349,65788,65234
105,0,0,18,77350,76947,76071,76066,76768,69862,68724,69232,68827,68686,77626,76907,76413,76856,76458,66379,65620,65820,66254,65694
106,1,0,18,76748,76355,75490,75486,76175,69394,68255,68757,68364,68224,77025,76315,75816,76263,75864,65915,65164,65359,65792,65230
107,0,0,18,77335,76944,76047,76054,76768,69848,68717,69218,68821,68691,77603,76894,76394,76840,76442,66370,65607,65799,66244,65691
108,1,0,18,76745,76362,75483,75478,76180,69378,68251,68736,68355,68218,77021,76316,75800,76254,75864,65903,65142,65347,65773,65230
109,0,0,18,77325,76914,76042,76040,76743,69827,68695,69188,68799,68670,77598,76882,76374,76817,76423,66350,65580,65785,66206,65673
110,1,0,18,76756,76354,75469,75488,76181,69377,68246,68743,68360,68228,77031,76318,75802,76250,75869,65908,65146,65340,65769,65230
111,0,0,18,77337,76931,76042,76045,76757,69843,68707,69203,68806,68676,77607,76902,76391,76831,76439,66361,65603,65792,66233,65685
112,1,0,18,76755,76334,75487,75469,76187,69376,68254,68731,68346,68214,77005,76317,75796,76247,75869,65911,65161,65349,65779,65230
113,0,0,18,77335,76906,76044,76031,76767,69837,68695,69200,68790,68669,77584,76895,76374,76831,76451,66365,65604,65801,66233,65678
114,1,0,18,76768,76349,75493,75474,76195,69391,68245,68736,68337,68224,77016,76320,75802,76263,75885,65914,65169,65355,65790,65232
115,0,0,18,77338,76902,76048,76034,76763,69842,68700,69192,68794,68663,77586,76896,76392,76823,76443,66354,65611,65800,66232,65675
116,1,0,18,76767,76339,75481,75477,76195,69377,68244,68726,68344,68213,77000,76324,75815,76254,75874,65898,65155,65342,65781,65234
117,0,0,18,77337,76904,76034,76033,76752,69831,68691,69195,68794,68659,77565,76881,76377,76818,76444,66340,65591,65776,66220,65669
118,1,0,18,76780,76343,75489,75478,76189,69405,68253,68748,68350,68219,77001,76335,75804,76267,75889,65908,65159,65346,65792,65230
119,0,0,18,77351,76919,76047,76040,76763,69845,68706,69207,68816,68674,77584,76900,76387,76839,76444,66351,65595,65800,66238,65689
120,1,0,18,76780,76355,75497,75488,76195,69404,68262,68758,68366,68227,77017,76330,75830,76273,75881,65926,65172,65375,65804,65252
121,0,0,18,77346,76923,76048,76043,76742,69849,68706,69205,68811,68668,77588,76890,76400,76825,76421,66355,65600,65802,66237,65681
122,1,0,18,76774,76356,75488,75484,76185,69400,68267,68754,68363,68225,77029,76328,75823,76274,75880,65920,65166,65367,65794,65247
123,0,0,18,77360,76940,76049,76044,76751,69851,68706,69212,68805,68674,77594,76893,76397,76844,76446,66358,65604,65816,66237,65683
124,1,0,18,76770,76352,75474,75456,76170,69385,68245,68740,68329,68213,77004,76316,75810,76265,75869,65901,65148,65345,65772,65226
125,0,0,18,77344,76922,76046,76032,76749,69840,68694,69204,68794,68663,77594,76890,76383,76845,76429,66354,65589,65791,66220,65675
126,1,0,18,76774,76344,75485,75479,76183,69394,68265,68757,68342,68223,77028,76330,75823,76288,75868,65920,65154,65360,65788,65240
127,0,0,18,77352,76921,76046,76036,76748,69853,68716,69217,68802,68675,77588,76898,76406,76854,76438,66371,65594,65811,66236,65685
128,1,0,18,76779,76344,75483,75484,76172,69393,68259,68756,68349,68214,77013,76324,75813,76277,75862,65917,65145,65357,65788,65235
129,0,0,18,77345,76912,76048,76037,76748,69851,68711,69214,68800,68663,77595,76899,76393,76848,76439,66363,65592,65806,66244,65684
130,1,0,18,76770,76343,75489,75478,76175,69394,68257,68744,68343,68211,77009,76324,75809,76286,75869,65910,65142,65360,65778,65241
131,0,0,18,77355,76925,76055,76042,76754,69856,68712,69203,68800,68662,77595,76891,76400,76855,76443,66362,65588,65797,66241,65689
132,1,0,18,76785,76354,75505,75482,76181,69396,68256,68748,68354,68211,77016,76317,75822,76292,75878,65919,65145,65353,65796,65249
133,0,0,18,77356,76924,76064,76034,76745,69854,68699,69199,68807,68665,77591,76889,76393,76865,76437,66352,65584,65801,66244,65698
134,1,0,18,76784,76354,75498,75480,76184,69403,68252,68744,68353,68214,77005,76326,75827,76294,75872,65913,65151,65363,65794,65251
135,0,0,18,77363,76928,76059,76039,76759,69856,68702,69206,68807,68675,77600,76905,76406,76866,76443,66365,65595,65816,66256,65705
136,1,0,18,76764,76336,75490,75469,76175,69390,68240,68743,68336,68209,77006,76325,75816,76281,75858,65905,65139,65358,65785,65220
137,0,0,18,77347,76911,76049,76032,76744,69835,68692,69200,68797,68655,77583,76894,76377,76855,76427,66347,65575,65783,66222,65665
138,1,0,18,76777,76348,75495,75476,76183,69388,68238,68753,68343,68207,77017,76328,75801,76285,75864,65909,65145,65340,65782,65224
139,0,0,18,77348,76919,76065,76041,76745,69842,68692,69205,68803,68664,77591,76897,76391,76856,76436,66353,65588,65786,66224,65678
140,1,0,18,76774,76334,75499,75485,76161,69381,68236,68737,68342,68193,77004,76317,75809,76285,75852,65902,65141,65342,65779,65233
141,0,0,18,77360,76916,76071,76045,76744,69839,68693,69210,68812,68655,77586,76894,76394,76865,76437,66363,65589,65794,66245,65690
142,1,0,18,76769,76326,75495,75472,76163,69376,68240,68747,68347,68199,77007,76317,75805,76287,75863,65909,65126,65340,65783,65237
143,0,0,18,77358,76913,76072,76046,76745,69841,68705,69214,68803,68660,77592,76898,76397,76861,76445,66365,65597,65797,66244,65694
144,1,0,18,76773,76341,75506,75474,76170,69377,68238,68747,68341,68207,77010,76318,75800,76281,75863,65919,65148,65344,65785,65240
145,0,0,18,77344,76912,76069,76038,76750,69842,68695,69209,68798,68665,77583,76899,76403,76857,76442,66367,65597,65802,66236,65697
146,1,0,18,76782,76331,75490,75476,76177,69390,68246,68747,68344,68206,77001,76320,75821,76282,75866,65920,65159,65352,65790,65250
147,0,0,18,77364,76920,76071,76045,76764,69850,68711,69222,68805,68675,77605,76908,76403,76868,76442,66381,65618,65812,66262,65714
148,1,0,18,76765,76320,75498,75469,76179,69383,68242,68752,68340,68212,76994,76319,75807,76286,75863,65915,65150,65343,65799,65244
149,0,0,18,77356,76900,76068,76036,76750,69838,68706,69211,68805,68677,77582,76898,76392,76865,76442,66367,65598,65798,66249,65699
150,1,0,18,76781,76341,75514,75488,76195,69390,68261,68766,68365,68227,77026,76338,75819,76298,75884,65933,65170,65363,65813,65260
151,0,0,18,77347,76918,76065,76046,76750,69849,68706,69210,68807,68674,77606,76907,76394,76871,76436,66374,65609,65806,66258,65709
152,1,0,18,76760,76334,75510,75485,76175,69386,68243,68750,68346,68219,77025,76332,75816,76290,75872,65926,65169,65361,65800,65259
153,0,0,18,77339,76904,76081,76040,76754,69840,68694,69214,68799,68675,77600,76905,76383,76867,76440,66368,65608,65803,66259,65706
154,1,0,18,76783,76344,75523,75484,76181,69392,68250,68760,68354,68232,77032,76333,75816,76296,75882,65928,65161,65355,65809,65261
155,0,0,18,77355,76913,76073,76036,76746,69837,68696,69203,68803,68675,77603,76902,76389,76863,76447,66378,65602,65798,66260,65698
156,1,0,18,76776,76353,75516,75487,76187,69386,68243,68747,68348,68228,77033,76333,75831,76291,75877,65935,65165,65359,65804,65255
157,0,0,18,77353,76927,76075,76043,76772,69849,68699,69212,68815,68674,77608,76910,76412,76874,76448,66383,65611,65814,66250,65702
158,1,0,18,76786,76362,75512,75487,76211,69404,68250,68766,68366,68234,77031,76347,75837,76308,75881,65942,65173,65374,65816,65268
159,0,0,18,77345,76927,76069,76046,76767,69853,68696,69215,68801,68671,77599,76913,76405,76866,76435,66384,65601,65815,66250,65701
160,1,0,18,76786,76362,75521,75497,76203,69406,68253,68756,68354,68223,77023,76342,75837,76291,75874,65935,65162,65369,65797,65259
161,0,0,18,77360,76941,76075,76057,76763,69857,68708,69213,68816,68683,77612,76916,76411,76868,76451,66380,65609,65812,66254,65705
162,1,0,18,76797,76376,75522,75507,76203,69409,68255,68759,68377,68232,77025,76340,75823,76298,75882,65940,65171,65380,65808,65265
163,0,0,18,77356,76924,76075,76050,76759,69856,68699,69212,68820,68684,77592,76899,76389,76856,76438,66374,65604,65821,66247,65711
164,1,0,18,76775,76362,75510,75499,76196,69403,68244,68765,68355,68214,77058,76328,75818,76285,75872,65940,65160,65380,65802,65263
165,0,0,18,77361,76951,76093,76062,76784,69872,68709,69230,68823,68681,77643,76926,76408,76871,76452,66394,65617,65832,66264,65717
166,1,0,18,76760,76362,75488,75491,76180,69395,68233,68741,68373,68209,77047,76317,75816,76257,75863,65915,65161,65366,65794,65244
167,0,0,18,77347,76946,76060,76051,76762,69858,68699,69197,68836,68671,77636,76897,76400,76842,76445,66365,65610,65814,66246,65695
168,1,0,18,76764,76333,75505,75499,76187,69398,68220,68747,68349,68203,77045,76322,75790,76266,75868,65912,65141,65355,65793,65232
169,0,0,18,77352,76915,76077,76065,76776,69863,68688,69214,68819,68673,77631,76915,76385,76854,76450,66369,65586,65816,66255,65693
170,1,0,18,76750,76334,75485,75466,76186,69398,68220,68748,68337,68189,77024,76305,75781,76243,75857,65912,65140,65360,65779,65228
171,0,0,18,77341,76913,76065,76038,76776,69862,68699,69222,68801,68665,77630,76895,76373,76836,76432,66362,65591,65821,66246,65692
172,1,0,18,76768,76355,75506,75497,76178,69414,68248,68766,68356,68215,77073,76312,75806,76273,75873,65928,65171,65361,65816,65253
173,0,0,18,77354,76934,76082,76077,76773,69872,68705,69221,68809,68680,77633,76898,76380,76854,76446,66381,65618,65819,66266,65713
174,1,0,18,76755,76357,75514,75497,76175,69404,68237,68760,68352,68200,77064,76326,75805,76259,75885,65917,65162,65367,65795,65247
175,0,0,18,77345,76934,76072,76058,76757,69864,68699,69213,68801,68675,77638,76908,76383,76845,76457,66361,65603,65815,66247,65699
176,1,0,18,76768,76367,75499,75501,76190,69400,68240,68752,68349,68205,77017,76317,75791,76256,75881,65913,65152,65370,65824,65244
177,0,0,18,77355,76941,76071,76069,76768,69864,68700,69220,68819,68656,77603,76888,76385,76843,76439,66364,65605,65833,66278,65696
178,1,0,18,76774,76369,75497,75499,76174,69411,68237,68753,68358,68194,77049,76307,75800,76263,75879,65915,65145,65374,65785,65243
179,0,0,18,77360,76943,76063,76057,76750,69865,68706,69215,68821,68656,77623,76886,76385,76846,76450,66364,65601,65824,66236,65697
180,1,0,18,76772,76362,75501,75504,76183,69396,68257,68761,68348,68211,77045,76316,75793,76275,75878,65931,65181,65368,65784,65237
181,0,0,18,77359,76934,76054,76066,76768,69858,68713,69220,68808,68669,77624,76889,76389,76849,76457,66392,65636,65824,66241,65694
182,1,0,18,76746,76337,75489,75482,76165,69406,68232,68751,68328,68201,77044,76319,75787,76245,75876,65912,65150,65371,65778,65253
183,0,0,18,77331,76919,76063,76057,76749,69863,68708,69207,68803,68660,77613,76895,76373,76828,76443,66357,65603,65823,66232,65693
184,1,0,18,76735,76352,75479,75479,76166,69374,68220,68732,68321,68168,77047,76292,75778,76248,75853,65896,65138,65359,65762,65228
185,0,0,18,77337,76932,76072,76063,76759,69849,68697,69197,68798,68644,77617,76889,76373,76841,76441,66358,65597,65817,66223,65696
186,1,0,18,76754,76349,75501,75494,76189,69388,68241,68748,68348,68224,77043,76312,75808,76262,75866,65904,65158,65388,65796,65244
187,0,0,18,77329,76929,76055,76055,76758,69843,68693,69204,68798,68675,77614,76877,76384,76824,76423,66357,65600,65824,66238,65680
188,1,0,18,76757,76364,75494,75492,76175,69395,68235,68756,68338,68205,77029,76311,75793,76271,75855,65914,65168,65376,65793,65250
189,0,0,18,77323,76916,76050,76030,76735,69830,68686,69199,68791,68655,77593,76868,76371,76838,76404,66343,65606,65817,66232,65683
190,1,0,18,76759,76343,75495,75488,76172,69388,68231,68755,68341,68190,77035,76308,75808,76261,75878,65915,65150,65367,65790,65224
191,0,0,18,77339,76917,76061,76060,76753,69852,68693,69212,68802,68655,77628,76878,76393,76833,76446,66362,65617,65810,66242,65684
192,1,0,18,76714,76339,75472,75461,76167,69396,68217,68739,68323,68187,77018,76300,75789,76271,75865,65904,65163,65366,65783,65215
193,0,0,18,77334,76926,76055,76039,76763,69862,68684,69201,68781,68665,77615,76904,76376,76861,76449,66358,65623,65816,66257,65682
194,1,0,18,76747,76332,75487,75495,76173,69385,68240,68749,68355,68204,77026,76323,75803,76249,75874,65913,65158,65375,65791,65241
195,0,0,18,77322,76921,76053,76065,76772,69849,68707,69203,68819,68666,77612,76902,76402,76838,76453,66360,65605,65823,66239,65692
196,1,0,18,76728,76311,75483,75476,76160,69364,68207,68721,68327,68182,77011,76292,75790,76252,75839,65896,65134,65354,65756,65224
197,0,0,18,77321,76908,76057,76061,76764,69834,68687,69194,68800,68672,77597,76882,76386,76845,76444,66357,65601,65805,66222,65676
198,1,0,18,76754,76331,75492,75504,76169,69402,68237,68765,68344,68216,77043,76308,75806,76261,75866,65924,65152,65373,65786,65253
199,0,0,18,77344,76918,76069,76080,76766,69859,68708,69234,68818,68685,77631,76899,76400,76844,76447,66371,65601,65831,66247,65722
200,1,0,18,76742,76342,75488,75500,76168,69379,68229,68743,68339,68202,77041,76307,75801,76245,75880,65913,65162,65372,65790,65263
201,0,0,18,77328,76922,76068,76068,76748,69846,68694,69213,68805,68672,77630,76892,76386,76831,76447,66359,65620,65823,66250,65712
202,1,0,18,76765,76346,75479,75515,76187,69406,68252,68756,68343,68214,77041,76319,75808,76266,75877,65909,65172,65381,65802,65244
203,0,0,18,77354,76929,76062,76080,76772,69876,68727,69215,68813,68682,77620,76894,76396,76843,76446,66375,65622,65838,66272,65702
204,1,0,18,76736,76323,75489,75496,76162,69376,68224,68742,68334,68196,77034,76299,75794,76247,75856,65910,65153,65356,65779,65231
205,0,0,18,77336,76911,76069,76068,76759,69841,68699,69219,68812,68663,77628,76888,76386,76839,76441,66364,65597,65815,66248,65697
206,1,0,18,76745,76356,75505,75531,76188,69393,68258,68764,68357,68232,77041,76315,75789,76268,75876,65919,65171,65380,65795,65243
207,0,0,18,77338,76929,76068,76091,76757,69846,68714,69211,68806,68690,77611,76902,76389,76847,76457,66368,65605,65818,66247,65694
208,1,0,18,76752,76338,75478,75516,76195,69396,68247,68762,68355,68217,77039,76318,75800,76285,75874,65920,65159,65392,65814,65252
209,0,0,18,77345,76912,76058,76088,76771,69853,68714,69236,68826,68681,77619,76894,76386,76868,76454,66363,65611,65844,66258,65703
210,1,0,18,76742,76351,75498,75507,76183,69395,68242,68761,68343,68213,77034,76315,75818,76269,75872,65908,65161,65377,65803,65241
211,0,0,18,77339,76933,76073,76076,76776,69869,68712,69226,68815,68679,77622,76899,76415,76855,76449,66379,65626,65838,66265,65707
212,1,0,18,76747,76358,75491,75512,76182,69405,68253,68776,68329,68212,77053,76322,75807,76281,75879,65920,65154,65384,65808,65246
213,0,0,18,77327,76931,76054,76064,76770,69860,68714,69231,68804,68672,77625,76899,76387,76852,76436,66371,65599,65823,66271,65698
214,1,0,18,76740,76333,75501,75504,76185,69389,68250,68754,68335,68223,77041,76308,75803,76274,75863,65918,65167,65369,65804,65251
215,0,0,18,77308,76898,76075,76057,76759,69846,68712,69218,68806,68681,77619,76887,76386,76848,76443,66349,65605,65811,66258,65703
216,1,0,18,76742,76335,75487,75522,76194,69400,68264,68777,68348,68210,77056,76319,75810,76269,75871,65926,65171,65386,65804,65261
217,0,0,18,77331,76913,76060,76087,76766,69854,68722,69238,68820,68670,77606,76889,76383,76840,76432,66371,65620,65836,66256,65700
218,1,0,18,76751,76336,75485,75498,76187,69391,68250,68751,68353,68198,77021,76305,75801,76272,75877,65933,65180,65374,65805,65251
219,0,0,18,77338,76925,76058,76064,76766,69854,68711,69219,68818,68670,77605,76878,76386,76852,76437,66373,65625,65817,66262,65709
220,1,0,18,76754,76334,75504,75498,76190,69408,68246,68771,68350,68223,77033,76294,75796,76283,75873,65921,65170,65351,65813,65260
221,0,0,18,77342,76907,76094,76078,76785,69879,68731,69240,68817,68685,77621,76878,76396,76871,76442,66374,65621,65813,66263,65715
222,1,0,18,76749,76341,75517,75509,76208,69404,68262,68770,68341,68220,77049,76307,75811,76267,75858,65915,65163,65377,65815,65254
223,0,0,18,77338,76916,76082,76079,76776,69849,68728,69232,68817,68683,77626,76878,76376,76850,76420,66360,65611,65828,66260,65702
224,1,0,18,76751,76366,75513,75511,76202,69422,68262,68773,68369,68231,77055,76308,75827,76277,75876,65923,65167,65388,65817,65272
225,0,0,18,77316,76915,76053,76067,76765,69855,68703,69221,68826,68683,77614,76872,76393,76828,76423,66356,65588,65827,66249,65708
226,1,0,18,76742,76345,75492,75509,76194,69407,68266,68782,68365,68237,77046,76324,75820,76275,75890,65927,65168,65386,65825,65276
227,0,0,18,77336,76935,76066,76083,76789,69868,68738,69237,68842,68706,77642,76907,76403,76872,76467,66394,65624,65843,66284,65735
228,1,0,18,76734,76356,75487,75493,76186,69392,68234,68757,68358,68223,77054,76305,75799,76260,75862,65911,65156,65369,65800,65259
229,0,0,18,77342,76928,76080,76085,76775,69867,68723,69228,68830,68702,77656,76904,76403,76856,76455,66382,65629,65829,66268,65730
230,1,0,18,76724,76339,75487,75496,76177,69387,68223,68744,68347,68201,77038,76309,75803,76270,75854,65918,65141,65363,65789,65247
231,0,0,18,77318,76914,76062,76057,76764,69854,68689,69210,68815,68667,77622,76894,76393,76860,76433,66359,65597,65831,66249,65705
232,1,0,18,76755,76320,75483,75483,76178,69391,68231,68753,68348,68203,77049,76310,75797,76254,75869,65914,65153,65367,65798,65251
233,0,0,18,77329,76901,76060,76048,76767,69852,68698,69225,68816,68666,77608,76888,76387,76848,76442,66362,65609,65818,66253,65715
234,1,0,18,76758,76351,75509,75502,76176,69411,68253,68772,68350,68216,77057,76316,75808,76278,75888,65932,65167,65381,65814,65271
235,0,0,18,77342,76931,76065,76067,76761,69866,68703,69240,68820,68680,77626,76892,76395,76860,76458,66383,65614,65839,66271,65724
236,1,0,18,76747,76329,75492,75491,76165,69393,68230,68755,68348,68224,77041,76318,75801,76251,75867,65923,65172,65372,65801,65266
237,0,0,18,77327,76892,76060,76050,76740,69857,68686,69222,68794,68686,77617,76897,76405,76828,76437,66359,65614,65820,66246,65705
238,1,0,18,76747,76308,75472,75485,76156,69377,68229,68738,68346,68200,77046,76309,75803,76266,75864,65906,65152,65369,65798,65246
239,0,0,18,77353,76896,76060,76063,76760,69851,68702,69220,68821,68687,77628,76895,76407,76863,76461,66366,65613,65832,66263,65719
240,1,0,18,76753,76334,75488,75491,76177,69380,68229,68752,68347,68220,77031,76299,75791,76258,75876,65899,65143,65375,65787,65251
241,0,0,18,77342,76920,76073,76070,76767,69839,68694,69219,68834,68687,77629,76893,76397,76849,76453,66368,65608,65827,66248,65718
242,1,0,18,76764,76324,75501,75500,76167,69393,68234,68761,68357,68233,77052,76328,75801,76263,75880,65935,65168,65382,65791,65273
243,0,0,18,77360,76901,76073,76067,76763,69853,68694,69241,68815,68703,77633,76910,76395,76839,76459,66379,65618,65840,66244,65719
244,1,0,18,76768,76342,75517,75502,76182,69404,68234,68782,68349,68233,77065,76343,75807,76267,75885,65930,65164,65376,65800,65270
245,0,0,18,77352,76927,76074,76060,76758,69875,68702,69242,68827,68704,77643,76921,76393,76850,76451,66376,65609,65832,66259,65718
246,1,0,18,76774,76345,75512,75509,76170,69404,68239,68760,68348,68243,77057,76321,75787,76272,75869,65935,65177,65371,65805,65273
247,0,0,18,77339,76903,76074,76054,76754,69853,68687,69220,68800,68693,77625,76890,76379,76833,76435,66376,65608,65801,66253,65712
248,1,0,18,76754,76310,75480,75493,76166,69377,68219,68748,68339,68227,77021,76306,75787,76262,75874,65905,65150,65366,65786,65249
249,0,0,18,77348,76894,76061,76068,76763,69847,68688,69223,68809,68690,77610,76890,76382,76856,76449,66355,65612,65825,66257,65705
250,1,0,18,76751,76340,75503,75503,76188,69395,68242,68758,68371,68237,77044,76327,75807,76274,75867,65928,65156,65380,65799,65258
251,0,0,18,77340,76919,76082,76068,76779,69865,68705,69225,68826,68716,77633,76914,76389,76861,76449,66382,65603,65842,66251,65714
252,1,0,18,76746,76330,75485,75493,76171,69373,68227,68756,68356,68225,77030,76311,75788,76260,75865,65896,65141,65379,65773,65253
253,0,0,18,77360,76929,76081,76092,76786,69851,68708,69235,68847,68716,77631,76915,76407,76862,76464,66375,65615,65851,66265,65730
254,1,0,18,76755,76344,75499,75506,76169,69406,68230,68750,68360,68221,77039,76319,75813,76271,75887,65938,65169,65383,65804,65270
255,0,0,18,77334,76917,76067,76061,76739,69857,68691,69206,68811,68682,77609,76892,76377,76839,76438,66368,65606,65826,66233,65709
256,1,0,18,76757,76365,75520,75528,76196,69417,68250,68787,68378,68246,77062,76330,75818,76293,75886,65959,65177,65413,65818,65285
257,0,0,18,77337,76928,76083,76073,76769,69864,68702,69236,68832,68703,77630,76899,76398,76868,76441,66394,65620,65839,66265,65724
258,1,0,18,76770,76346,75510,75526,76199,69406,68240,68771,68374,68247,77057,76322,75819,76304,75871,65930,65172,65409,65798,65266
259,0,0,18,77357,76934,76089,76086,76784,69872,68702,69241,68828,68715,77644,76907,76417,76887,76448,66378,65631,65856,66252,65726
260,1,0,18,76784,76332,75514,75513,76183,69414,68246,68770,68356,68239,77051,76329,75817,76286,75888,65923,65192,65385,65807,65270
261,0,0,18,77356,76914,76094,76085,76762,69869,68711,69233,68826,68720,77643,76909,76408,76874,76470,66373,65647,65840,66261,65725
262,1,0,18,76738,76310,75486,75500,76161,69397,68236,68741,68333,68219,77026,76307,75790,76275,75861,65913,65153,65374,65771,65245
263,0,0,18,77338,76896,76069,76078,76761,69860,68706,69207,68792,68693,77622,76895,76392,76861,76450,66371,65614,65835,66244,65706
264,1,0,18,76726,76318,75477,75482,76153,69384,68217,68746,68328,68210,77023,76302,75800,76257,75862,65891,65148,65361,65758,65237
265,0,0,18,77312,76897,76045,76041,76736,69834,68679,69208,68771,68670,77613,76877,76374,76829,76424,66345,65594,65811,66215,65701
266,1,0,18,76744,76330,75491,75496,76179,69397,68230,68753,68341,68227,77033,76316,75793,76267,75853,65901,65146,65376,65778,65256
267,0,0,18,77315,76892,76052,76059,76757,69849,68693,69221,68800,68684,77609,76887,76374,76847,76423,66349,65598,65824,66233,65703
268,1,0,18,76754,76339,75502,75498,76178,69397,68238,68766,68341,68223,77048,76319,75799,76286,75867,65919,65176,65381,65796,65272
269,0,0,18,77345,76930,76078,76075,76765,69877,68704,69235,68816,68688,77637,76912,76390,76882,76444,66373,65629,65843,66254,65733
270,1,0,18,76739,76341,75507,75507,76175,69398,68229,68772,68328,68223,77042,76336,75781,76288,75879,65921,65176,65383,65796,65271
271,0,0,18,77337,76951,76092,76086,76779,69867,68708,69247,68816,68699,77649,76934,76389,76890,76465,66386,65646,65845,66264,65742
272,1,0,18,76765,76346,75514,75501,76164,69408,68236,68744,68328,68223,77047,76326,75808,76286,75886,65927,65171,65394,65799,65272
273,0,0,18,77345,76927,76080,76069,76740,69855,68699,69216,68809,68683,77623,76898,76390,76866,76448,66383,65623,65848,66254,65735
274,1,0,18,76739,76338,75490,75492,76172,69385,68228,68767,68340,68219,77027,76317,75801,76271,75868,65911,65157,65368,65803,65265
275,0,0,18,77334,76910,76071,76071,76768,69850,68697,69240,68811,68693,77617,76920,76400,76875,76457,66376,65618,65829,66272,65725
276,1,0,18,76769,76356,75519,75522,76192,69414,68239,68788,68367,68247,77060,76345,75825,76292,75886,65936,65174,65381,65836,65288
277,0,0,18,77354,76932,76090,76081,76765,69872,68698,69243,68834,68711,77637,76917,76407,76864,76450,66381,65623,65826,66283,65743
278,1,0,18,76790,76360,75531,75529,76201,69404,68245,68779,68382,68251,77063,76338,75822,76293,75883,65945,65176,65410,65817,65287
279,0,0,18,77369,76925,76094,76090,76778,69861,68709,69237,68837,68707,77631,76910,76413,76864,76450,66394,65627,65850,66273,65727
280,1,0,18,76771,76353,75504,75517,76197,69401,68243,68769,68344,68237,77064,76323,75808,76284,75893,65929,65169,65383,65823,65262
281,0,0,18,77373,76936,76102,76103,76801,69885,68730,69241,68823,68716,77652,76918,76403,76882,76483,66391,65632,65845,66287,65735
282,1,0,18,76786,76362,75538,75553,76216,69413,68260,68801,68403,68253,77089,76347,75845,76317,75913,65952,65206,65418,65830,65291
283,0,0,18,77355,76915,76078,76096,76783,69859,68704,69240,68841,68706,77654,76912,76405,76889,76467,66379,65632,65859,66266,65725
284,1,0,18,76793,76356,75530,75549,76198,69421,68269,68785,68377,68255,77063,76354,75832,76319,75893,65938,65201,65404,65827,65274
285,0,0,18,77363,76930,76089,76105,76781,69871,68727,69240,68841,68709,77650,76932,76414,76885,76464,66388,65643,65858,66278,65726
286,1,0,18,76772,76356,75513,75525,76185,69413,68252,68756,68352,68223,77044,76325,75796,76289,75880,65928,65186,65393,65799,65270
287,0,0,18,77372,76958,76101,76120,76786,69886,68734,69244,68833,68706,77638,76935,76400,76885,76476,66395,65649,65857,66273,65743
288,1,0,18,76783,76371,75525,75528,76194,69415,68251,68760,68364,68243,77048,76337,75815,76299,75884,65938,65182,65393,65802,65268
289,0,0,18,77357,76939,76085,76093,76778,69876,68724,69224,68830,68696,77609,76923,76398,76878,76456,66391,65632,65858,66254,65715
290,1,0,18,76783,76338,75533,75535,76192,69417,68244,68779,68349,68241,77051,76326,75831,76293,75897,65938,65185,65396,65795,65265
291,0,0,18,77343,76903,76073,76074,76764,69859,68701,69227,68798,68699,77624,76895,76394,76860,76441,66367,65627,65837,66240,65689
292,1,0,18,76759,76352,75520,75537,76202,69406,68242,68769,68361,68234,77055,76330,75816,76272,75887,65931,65186,65401,65804,65258
293,0,0,18,77354,76940,76095,76092,76792,69877,68698,69226,68820,68697,77637,76919,76394,76865,76469,66388,65633,65850,66256,65717
294,1,0,18,76736,76341,75506,75515,76187,69395,68233,68761,68341,68219,77029,76325,75808,76260,75862,65917,65154,65372,65791,65262
295,0,0,18,77339,76924,76090,76094,76789,69864,68700,69235,68818,68694,77613,76915,76398,76857,76439,66376,65621,65810,66248,65717
296,1,0,18,76754,76348,75519,75516,76186,69416,68232,68775,68370,68238,77067,76343,75820,76291,75895,65935,65182,65392,65798,65267
297,0,0,18,77365,76936,76105,76085,76782,69876,68702,69247,68830,68707,77643,76926,76410,76879,76462,66389,65645,65844,66264,65724
298,1,0,18,76755,76362,75507,75517,76200,69409,68231,68765,68349,68223,77043,76341,75825,76285,75884,65936,65165,65380,65786,65255
299,0,0,18,77324,76916,76060,76074,76761,69852,68678,69224,68816,68671,77608,76901,76384,76863,76440,66372,65610,65823,66228,65700
300,1,0,18,76768,76347,75518,75528,76170,69414,68227,68766,68350,68224,77059,76323,75816,76285,75870,65912,65172,65397,65789,65271
301,0,0,18,77358,76958,76111,76106,76766,69886,68706,69239,68836,68702,77654,76919,76411,76880,76459,66377,65641,65865,66267,65726
302,1,0,18,76786,76365,75509,75526,76195,69410,68246,68762,68363,68238,77058,76347,75811,76284,75903,65944,65190,65397,65805,65282
303,0,0,18,77355,76939,76072,76083,76790,69857,68695,69229,68830,68705,77632,76928,76392,76867,76464,66389,65637,65838,66253,65720
304,1,0,18,76759,76344,75485,75514,76181,69378,68227,68740,68344,68210,77025,76318,75794,76257,75855,65912,65173,65356,65794,65257
305,0,0,18,77356,76936,76076,76088,76770,69852,68701,69204,68817,68673,77622,76912,76386,76844,76439,66364,65636,65828,66257,65709
306,1,0,18,76751,76333,75492,75510,76194,69406,68231,68762,68356,68233,77039,76317,75807,76274,75875,65922,65186,65395,65795,65277
307,0,0,18,77357,76912,76067,76094,76793,69861,68709,69232,68835,68708,77629,76920,76389,76871,76464,66389,65655,65847,66268,65734
308,1,0,18,76784,76330,75504,75541,76182,69404,68238,68776,68374,68233,77043,76341,75823,76276,75893,65929,65184,65402,65819,65281
309,0,0,18,77351,76903,76067,76091,76761,69860,68702,69228,68830,68692,77602,76914,76402,76849,76444,66372,65627,65839,66272,65732
310,1,0,18,76765,76334,75507,75522,76170,69398,68238,68781,68350,68237,77051,76329,75807,76267,75878,65916,65170,65394,65822,65271
311,0,0,18,77368,76924,76085,76109,76772,69872,68723,69243,68837,68704,77640,76927,76426,76862,76471,66366,65636,65858,66285,65740
312,1,0,18,76782,76338,75509,75526,76190,69391,68247,68769,68358,68241,77028,76325,75808,76278,75877,65908,65151,65387,65807,65257
313,0,0,18,77393,76930,76094,76116,76781,69866,68719,69238,68835,68727,77642,76928,76402,76877,76467,66381,65631,65855,66284,65730
314,1,0,18,76785,76343,75530,75536,76194,69409,68261,68785,68353,68259,77054,76327,75817,76276,75881,65927,65179,65392,65821,65283
315,0,0,18,77385,76936,76115,76115,76801,69880,68730,69257,68825,68733,77650,76912,76408,76865,76464,66386,65641,65856,66283,65747
316,1,0,18,76750,76332,75508,75516,76187,69409,68242,68760,68348,68222,77042,76326,75804,76253,75884,65920,65175,65377,65796,65259
317,0,0,18,77343,76906,76092,76096,76763,69867,68708,69220,68823,68684,77628,76906,76386,76852,76460,66381,65634,65831,66257,65711
318,1,0,18,76780,76332,75521,75514,76177,69401,68243,68766,68359,68222,77048,76334,75791,76259,75865,65923,65165,65385,65814,65270
319,0,0,18,77378,76922,76103,76101,76785,69876,68720,69243,68841,68688,77643,76928,76397,76863,76458,66396,65617,65862,66283,65745
320,1,0,18,76783,76348,75520,75538,76187,69407,68245,68761,68362,68225,77048,76336,75815,76291,75883,65932,65172,65400,65818,65279
321,0,0,18,77381,76935,76114,76114,76792,69875,68733,69245,68832,68710,77643,76937,76392,76880,76475,66395,65633,65863,66294,65726
322,1,0,18,76763,76335,75488,75533,76180,69396,68240,68756,68349,68223,77027,76337,75801,76275,75852,65912,65160,65386,65795,65255
323,0,0,18,77359,76914,76066,76110,76766,69864,68708,69225,68822,68695,77615,76913,76392,76865,76435,66374,65610,65841,66255,65714
324,1,0,18,76760,76328,75505,75521,76163,69395,68233,68730,68363,68205,77049,76321,75798,76278,75858,65928,65164,65379,65785,65241
325,0,0,18,77361,76900,76082,76099,76777,69865,68703,69212,68846,68680,77629,76912,76415,76870,76443,66382,65629,65838,66243,65711
326,1,0,18,76774,76337,75499,75519,76178,69389,68237,68757,68363,68220,77037,76328,75798,76277,75855,65923,65152,65387,65809,65249
327,0,0,18,77376,76913,76082,76110,76776,69871,68723,69242,68822,68692,77641,76925,76409,76867,76446,66387,65600,65842,66277,65722
328,1,0,18,76754,76313,75485,75494,76176,69395,68240,68758,68334,68211,77037,76313,75785,76257,75833,65904,65145,65377,65801,65252
329,0,0,18,77368,76912,76072,76067,76773,69865,68699,69223,68817,68681,77628,76907,76384,76842,76431,66370,65608,65849,66260,65714
330,1,0,18,76780,76341,75523,75536,76203,69423,68265,68769,68371,68242,77048,76328,75837,76280,75888,65937,65178,65395,65818,65275
331,0,0,18,77361,76914,76100,76102,76789,69867,68716,69221,68829,68706,77611,76914,76419,76861,76450,66388,65631,65840,66272,65727
332,1,0,18,76773,76357,75500,75534,76204,69392,68240,68765,68349,68237,77032,76334,75815,76272,75870,65935,65174,65383,65811,65272
333,0,0,18,77357,76928,76076,76091,76782,69847,68702,69225,68820,68703,77626,76902,76404,76851,76433,66383,65628,65833,66261,65723
334,1,0,18,76761,76356,75505,75520,76185,69409,68249,68782,68358,68226,77042,76325,75813,76275,75856,65915,65158,65403,65813,65264
335,0,0,18,77328,76906,76068,76072,76752,69853,68698,69219,68810,68686,77600,76892,76379,76840,76421,66355,65592,65839,66246,65712
336,1,0,18,76758,76336,75501,75511,76179,69398,68247,68773,68344,68220,77029,76338,75807,76274,75857,65916,65166,65388,65790,65271
337,0,0,18,77346,76913,76073,76075,76763,69849,68710,69237,68809,68694,77615,76918,76395,76867,76415,66365,65623,65837,66244,65726
338,1,0,18,76742,76337,75502,75506,76184,69398,68239,68767,68344,68212,77018,76318,75803,76275,75865,65924,65161,65374,65803,65261
339,0,0,18,77345,76937,76087,76092,76784,69868,68718,69231,68824,68693,77624,76914,76402,76875,76453,66384,65635,65835,66273,65712
340,1,0,18,76765,76340,75506,75527,76178,69411,68247,68768,68350,68231,77059,76317,75819,76295,75876,65939,65165,65389,65804,65249
341,0,0,18,77357,76927,76087,76087,76766,69865,68704,69233,68816,68698,77633,76906,76402,76867,76457,66389,65618,65843,66254,65706
342,1,0,18,76761,76351,75509,75517,76197,69417,68248,68770,68324,68228,77035,76337,75821,76289,75876,65935,65185,65393,65800,65260
343,0,0,18,77358,76942,76079,76097,76784,69863,68708,69235,68802,68687,77639,76919,76401,76872,76447,66394,65635,65852,66258,65713
344,1,0,18,76784,76359,75507,75517,76184,69412,68255,68763,68361,68230,77075,76327,75823,76298,75886,65932,65175,65400,65811,65264
345,0,0,18,77357,76929,76079,76091,76758,69880,68722,69221,68826,68707,77643,76907,76392,76880,76458,66374,65622,65853,66289,65723
346,1,0,18,76756,76352,75494,75520,76184,69402,68232,68762,68344,68218,77052,76337,75819,76289,75862,65924,65176,65390,65799,65271
347,0,0,18,77366,76936,76089,76113,76782,69879,68711,69232,68822,68693,77648,76930,76417,76889,76447,66397,65647,65859,66269,65731
348,1,0,18,76747,76336,75515,75508,76177,69399,68245,68751,68354,68211,77039,76326,75816,76277,75859,65936,65179,65395,65806,65276
349,0,0,18,77354,76922,76096,76074,76767,69865,68718,69220,68815,68684,77624,76925,76407,76873,76446,66394,65638,65848,66265,65738
350,1,0,18,76759,76359,75508,75524,76188,69412,68268,68776,68349,68222,77034,76342,75821,76298,75875,65929,65176,65397,65806,65282
351,0,0,18,77371,76944,76103,76107,76776,69890,68747,69246,68841,68701,77639,76936,76416,76900,76467,66387,65652,65868,66284,65749
352,1,0,18,76747,76333,75489,75520,76171,69383,68237,68746,68335,68212,77014,76308,75783,76269,75859,65906,65166,65365,65793,65243
353,0,0,18,77346,76915,76069,76084,76755,69848,68708,69215,68812,68675,77619,76902,76370,76851,76427,66368,65624,65832,66254,65711
354,1,0,18,76766,76352,75506,75538,76189,69393,68242,68757,68347,68225,77035,76328,75808,76293,75874,65932,65169,65407,65802,65274
355,0,0,18,77359,76930,76093,76111,76775,69851,68720,69229,68829,68696,77630,76912,76392,76875,76456,66387,65630,65871,66264,65738
356,1,0,18,76753,76325,75504,75498,76164,69381,68243,68758,68334,68207,77037,76293,75800,76265,75860,65906,65157,65384,65790,65237
357,0,0,18,77342,76917,76083,76084,76754,69850,68726,69232,68812,68679,77620,76884,76391,76862,76453,66366,65622,65838,66262,65709
358,1,0,18,76786,76364,75526,75529,76198,69402,68260,68776,68350,68225,77058,76338,75812,76293,75872,65942,65199,65392,65821,65280
359,0,0,18,77357,76919,76081,76085,76765,69850,68711,69233,68815,68675,77622,76908,76392,76860,76433,66383,65639,65835,66263,65717
360,1,0,18,76770,76353,75525,75537,76203,69401,68267,68773,68364,68228,77054,76320,75811,76284,75882,65936,65177,65396,65819,65265
361,0,0,18,77338,76926,76096,76095,76777,69837,68709,69230,68824,68679,77614,76888,76389,76850,76426,66382,65619,65839,66264,65718
362,1,0,18,76778,76369,75509,75532,76194,69413,68260,68768,68362,68228,77043,76327,75806,76288,75876,65950,65194,65374,65835,65289
363,0,0,18,77367,76955,76080,76115,76783,69881,68727,69239,68835,68699,77638,76909,76395,76865,76454,66397,65634,65835,66294,65737
364,1,0,18,76772,76341,75517,75509,76176,69396,68235,68758,68348,68205,77021,76320,75811,76285,75855,65935,65179,65383,65808,65276
365,0,0,18,77356,76921,76097,76084,76763,69862,68707,69223,68815,68674,77612,76909,76420,76876,76437,66389,65643,65832,66281,65734
366,1,0,18,76762,76361,75516,75522,76164,69389,68244,68766,68342,68230,77038,76323,75816,76289,75863,65923,65175,65378,65823,65255
367,0,0,18,77349,76922,76091,76093,76751,69847,68714,69231,68822,68703,77617,76902,76400,76869,76441,66380,65634,65829,66276,65704
368,1,0,18,76763,76377,75522,75528,76177,69410,68244,68789,68341,68231,77046,76331,75818,76290,75874,65930,65174,65378,65801,65270
369,0,0,18,77340,76941,76087,76086,76755,69870,68700,69243,68797,68685,77627,76900,76390,76867,76435,66381,65611,65825,66251,65708
370,1,0,18,76761,76340,75511,75518,76165,69394,68240,68769,68336,68217,77041,76330,75815,76259,75860,65912,65145,65370,65793,65249
371,0,0,18,77345,76914,76090,76080,76755,69855,68707,69223,68812,68677,77623,76909,76407,76857,76432,66358,65607,65820,66250,65711
372,1,0,18,76743,76345,75499,75519,76152,69374,68220,68745,68320,68198,77025,76300,75795,76261,75849,65903,65155,65380,65781,65252
373,0,0,18,77342,76909,76081,76103,76731,69840,68692,69207,68788,68672,77614,76886,76386,76848,76420,66352,65618,65826,66246,65714
374,1,0,18,76745,76330,75507,75507,76168,69381,68234,68754,68342,68213,77029,76312,75805,76263,75856,65909,65165,65373,65796,65266
375,0,0,18,77351,76921,76086,76080,76768,69860,68720,69227,68820,68692,77623,76902,76398,76857,76445,66361,65626,65835,66265,65731
376,1,0,18,76750,76334,75516,75523,76181,69407,68250,68760,68348,68225,77046,76316,75825,76279,75865,65931,65185,65383,65814,65267
377,0,0,18,77343,76907,76089,76103,76768,69858,68713,69228,68818,68692,77620,76882,76402,76851,76431,66387,65629,65837,66267,65725
378,1,0,18,76770,76337,75508,75525,76165,69394,68252,68763,68351,68213,77025,76302,75817,76262,75838,65920,65170,65390,65799,65261
379,0,0,18,77343,76909,76082,76078,76743,69848,68706,69213,68816,68662,77603,76876,76388,76847,76406,66359,65617,65835,66257,65708
380,1,0,18,76775,76329,75522,75516,76181,69393,68242,68766,68366,68225,77023,76310,75811,76273,75862,65928,65169,65370,65807,65265
381,0,0,18,77353,76912,76098,76082,76761,69853,68714,69226,68822,68696,77613,76892,76398,76854,76431,66382,65620,65830,66262,65721
382,1,0,18,76755,76323,75499,75519,76187,69395,68244,68764,68346,68222,77028,76312,75820,76272,75859,65908,65168,65358,65814,65257
383,0,0,18,77346,76908,76078,76092,76760,69862,68699,69225,68812,68692,77614,76887,76389,76851,76429,66360,65614,65817,66264,65708
384,1,0,18,76743,76325,75481,75514,76173,69396,68233,68749,68346,68207,77035,76302,75806,76271,75858,65901,65156,65367,65787,65259
385,0,0,18,77355,76921,76085,76103,76777,69882,68728,69236,68830,68691,77647,76911,76395,76863,76444,66374,65631,65826,66254,65726
386,1,0,18,76740,76336,75481,75504,76161,69392,68247,68762,68345,68207,77048,76307,75804,76265,75857,65895,65170,65377,65798,65268
387,0,0,18,77339,76922,76049,76072,76757,69844,68713,69220,68811,68676,77634,76893,76392,76849,76423,66348,65610,65825,66261,65723
388,1,0,18,76772,76365,75522,75526,76194,69407,68259,68771,68363,68229,77046,76327,75838,76284,75890,65941,65186,65376,65818,65283
389,0,0,18,77342,76926,76074,76081,76768,69857,68713,69225,68812,68672,77617,76904,76404,76850,76445,66371,65621,65813,66246,65736
390,1,0,18,76747,76355,75509,75508,76178,69412,68241,68758,68357,68232,77051,76323,75820,76286,75871,65928,65172,65390,65809,65283
391,0,0,18,77355,76940,76094,76094,76773,69871,68710,69223,68827,68700,77638,76914,76419,76866,76454,66381,65648,65841,66264,65741
392,1,0,18,76745,76338,75510,75505,76176,69402,68220,68768,68337,68224,77051,76321,75814,76296,75870,65925,65179,65388,65810,65273
393,0,0,18,77342,76918,76092,76064,76769,69863,68692,69231,68809,68691,77630,76899,76405,76877,76449,66381,65635,65843,66244,65730
394,1,0,18,76744,76322,75513,75511,76163,69391,68235,68751,68339,68199,77030,76299,75805,76274,75857,65912,65169,65366,65781,65261
395,0,0,18,77334,76920,76082,76088,76748,69855,68702,69230,68814,68674,77625,76895,76402,76849,76440,66366,65620,65821,66245,65723
396,1,0,18,76746,76321,75480,75506,76161,69384,68223,68747,68355,68198,77015,76294,75801,76266,75848,65899,65167,65363,65782,65257
397,0,0,18,77338,76906,76072,76071,76748,69856,68693,69209,68816,68661,77599,76879,76386,76856,76430,66348,65620,65821,66245,65709
398,1,0,18,76770,76332,75512,75505,76181,69406,68248,68764,68367,68221,77036,76317,75798,76280,75865,65928,65190,65380,65794,65269
399,0,0,18,77365,76925,76102,76081,76768,69867,68713,69230,68840,68679,77612,76912,76384,76871,76443,66383,65644,65827,66256,65723
400,1,0,18,76754,76331,75521,75535,76194,69427,68258,68775,68363,68221,77060,76328,75817,76287,75874,65927,65190,65384,65798,65281
401,0,0,18,77362,76911,76115,76117,76787,69902,68721,69244,68831,68699,77657,76930,76404,76878,76465,66378,65643,65844,66259,65734
402,1,0,18,76757,76323,75522,75520,76193,69410,68245,68781,68356,68216,77050,76326,75806,76307,75870,65914,65191,65381,65807,65275
403,0,0,18,77345,76911,76093,76086,76770,69878,68706,69232,68824,68679,77617,76893,76395,76885,76440,66368,65634,65834,66258,65733
404,1,0,18,76763,76338,75531,75531,76196,69416,68258,68790,68371,68232,77073,76343,75819,76300,75901,65933,65193,65409,65814,65291
405,0,0,18,77344,76917,76104,76093,76773,69878,68731,69248,68828,68691,77639,76919,76392,76878,76458,66380,65641,65845,66258,65742
406,1,0,18,76747,76337,75506,75515,76166,69406,68245,68763,68361,68206,77041,76324,75790,76282,75869,65915,65159,65365,65766,65256
407,0,0,18,77349,76918,76087,76091,76749,69859,68713,69230,68841,68695,77643,76907,76382,76865,76448,66377,65627,65833,66234,65715
408,1,0,18,76754,76344,75513,75523,76180,69419,68254,68774,68365,68233,77061,76325,75802,76272,75869,65924,65187,65389,65782,65264
409,0,0,18,77354,76928,76099,76088,76765,69873,68713,69233,68829,68703,77627,76907,76399,76864,76453,66384,65648,65843,66242,65723
410,1,0,18,76773,76352,75517,75518,76182,69412,68235,68756,68358,68220,77033,76320,75805,76270,75878,65920,65171,65385,65786,65279
411,0,0,18,77378,76944,76103,76114,76778,69894,68718,69238,68838,68697,77633,76913,76407,76866,76472,66384,65634,65856,66263,65748
412,1,0,18,76765,76337,75510,75495,76173,69396,68241,68760,68334,68206,77018,76316,75789,76261,75860,65908,65173,65360,65767,65262
413,0,0,18,77336,76916,76085,76073,76763,69851,68696,69217,68805,68673,77618,76896,76386,76855,76433,66358,65626,65817,66226,65715
414,1,0,18,76772,76334,75509,75516,76179,69390,68252,68763,68341,68225,77025,76311,75792,76270,75879,65917,65182,65368,65791,65269
415,0,0,18,77358,76908,76085,76081,76777,69855,68719,69221,68807,68688,77599,76894,76392,76854,76446,66367,65631,65824,66248,65722
416,1,0,18,76782,76356,75514,75535,76186,69423,68265,68769,68368,68241,77042,76327,75833,76283,75899,65945,65213,65406,65810,65284
417,0,0,18,77363,76937,76101,76097,76781,69885,68731,69228,68831,68710,77616,76916,76413,76880,76470,66395,65659,65854,66256,65732
418,1,0,18,76763,76338,75490,75503,76175,69394,68233,68732,68326,68192,77027,76292,75787,76259,75850,65904,65181,65351,65788,65246
419,0,0,18,77349,76930,76082,76086,76769,69872,68716,69203,68799,68668,77618,76890,76388,76859,76443,66366,65630,65820,66259,65716
420,1,0,18,76765,76343,75511,75510,76171,69423,68254,68763,68363,68223,77027,76306,75803,76285,75873,65913,65187,65383,65801,65266
421,0,0,18,77363,76939,76093,76091,76766,69892,68730,69238,68841,68719,77627,76901,76405,76875,76448,66379,65653,65840,66270,65722
422,1,0,18,76754,76323,75510,75520,76185,69407,68241,68756,68333,68214,77027,76322,75806,76257,75876,65916,65169,65374,65800,65268
423,0,0,18,77340,76907,76074,76082,76767,69866,68715,69219,68809,68679,77618,76905,76391,76846,76438,66364,65617,65826,66255,65718
424,1,0,18,76740,76315,75485,75497,76164,69392,68228,68747,68325,68205,77028,76297,75782,76242,75861,65898,65151,65353,65785,65247
425,0,0,18,77337,76909,76082,76079,76763,69859,68707,69217,68792,68688,77606,76881,76379,76845,76439,66358,65606,65811,66247,65707
426,1,0,18,76749,76336,75506,75505,76192,69423,68238,68759,68350,68221,77033,76310,75806,76264,75864,65921,65172,65376,65803,65264
427,0,0,18,77345,76913,76075,76068,76783,69876,68704,69226,68817,68673,77624,76896,76401,76849,76439,66371,65618,65826,66257,65726
428,1,0,18,76765,76318,75514,75516,76184,69411,68245,68770,68348,68216,77068,76320,75816,76273,75868,65929,65187,65400,65804,65274
429,0,0,18,77365,76899,76097,76098,76769,69881,68718,69231,68814,68678,77635,76904,76408,76861,76455,66382,65641,65856,66263,65730
430,1,0,18,76755,76327,75507,75502,76170,69396,68225,68739,68337,68202,77024,76314,75802,76255,75852,65895,65171,65386,65790,65262
431,0,0,18,77358,76938,76081,76080,76771,69861,68702,69225,68826,68695,77614,76906,76402,76859,76445,66367,65634,65847,66254,65733
432,1,0,18,76767,76345,75520,75527,76193,69404,68248,68763,68331,68237,77037,76315,75815,76270,75884,65907,65176,65368,65814,65253
433,0,0,18,77353,76918,76100,76095,76782,69867,68717,69234,68809,68702,77610,76899,76396,76874,76460,66370,65629,65828,66274,65730
434,1,0,18,76758,76324,75522,75516,76180,69404,68242,68770,68334,68223,77027,76320,75811,76281,75867,65904,65177,65385,65791,65272
435,0,0,18,77345,76910,76089,76082,76768,69875,68703,69239,68813,68702,77614,76897,76408,76864,76447,66359,65638,65846,66246,65716
436,1,0,18,76775,76354,75519,75522,76168,69421,68261,68771,68348,68233,77042,76309,75820,76294,75883,65916,65173,65390,65812,65269
437,0,0,18,77363,76942,76087,76092,76755,69881,68726,69233,68820,68703,77628,76894,76397,76882,76443,66368,65627,65839,66258,65726
438,1,0,18,76785,76368,75535,75529,76200,69412,68265,68768,68362,68234,77048,76327,75823,76309,75893,65933,65189,65391,65797,65281
439,0,0,18,77373,76941,76107,76092,76777,69872,68724,69236,68830,68698,77619,76904,76407,76887,76460,66375,65651,65849,66251,65729
440,1,0,18,76764,76340,75520,75516,76179,69419,68247,68759,68351,68233,77031,76312,75822,76277,75872,65928,65183,65383,65797,65249
441,0,0,18,77344,76901,76082,76078,76760,69869,68704,69214,68813,68673,77606,76888,76401,76857,76439,66365,65630,65822,66249,65702
442,1,0,18,76755,76359,75528,75532,76188,69418,68253,68759,68359,68258,77047,76333,75818,76279,75891,65937,65202,65395,65816,65287
443,0,0,18,77351,76930,76089,76106,76779,69872,68716,69216,68826,68727,77629,76917,76401,76869,76456,66386,65654,65835,66270,65731
444,1,0,18,76776,76332,75540,75525,76202,69424,68251,68781,68344,68243,77058,76335,75826,76294,75880,65924,65199,65388,65813,65276
445,0,0,18,77348,76906,76104,76079,76767,69874,68707,69241,68812,68696,77626,76904,76396,76877,76448,66375,65642,65834,66250,65730
446,1,0,18,76772,76335,75527,75528,76177,69398,68257,68768,68345,68240,77038,76336,75795,76290,75873,65932,65191,65386,65816,65258
447,0,0,18,77359,76912,76108,76100,76768,69858,68716,69227,68814,68695,77629,76910,76385,76873,76448,66393,65650,65851,66271,65721
448,1,0,18,76736,76336,75515,75497,76163,69374,68220,68742,68331,68209,77005,76301,75778,76243,75850,65897,65167,65342,65780,65237
449,0,0,18,77344,76939,76089,76082,76763,69856,68701,69228,68826,68679,77610,76895,76376,76848,76438,66361,65636,65824,66265,65708
450,1,0,18,76775,76357,75531,75524,76177,69422,68248,68772,68362,68232,77045,76317,75808,76284,75873,65924,65216,65407,65829,65285
451,0,0,18,77394,76945,76132,76108,76788,69893,68728,69248,68856,68717,77655,76928,76412,76882,76468,66402,65667,65870,66308,65760
452,1,0,18,76776,76367,75537,75526,76186,69410,68259,68763,68359,68244,77042,76340,75826,76285,75889,65933,65199,65397,65827,65276
453,0,0,18,77351,76930,76088,76089,76752,69863,68718,69227,68818,68706,77631,76907,76408,76841,76458,66380,65645,65847,66270,65714
454,1,0,18,76758,76329,75520,75534,76185,69408,68252,68769,68357,68230,77043,76319,75823,76281,75873,65912,65192,65406,65812,65270
455,0,0,18,77339,76904,76083,76090,76757,69854,68706,69231,68808,68688,77628,76899,76391,76858,76444,66359,65640,65847,66262,65723
456,1,0,18,76761,76324,75522,75524,76176,69407,68241,68763,68353,68219,77024,76319,75814,76265,75882,65917,65191,65386,65800,65256
457,0,0,18,77349,76895,76097,76091,76757,69870,68702,69223,68819,68693,77606,76897,76388,76861,76442,66366,65644,65849,66259,65718
458,1,0,18,76775,76343,75526,75536,76192,69404,68263,68775,68369,68238,77030,76333,75824,76291,75882,65928,65181,65402,65814,65291
459,0,0,18,77353,76895,76077,76086,76771,69849,68707,69214,68816,68692,77586,76904,76391,76852,76445,66364,65625,65839,66257,65737
460,1,0,18,76756,76318,75521,75518,76169,69392,68241,68790,68355,68243,77014,76319,75815,76262,75852,65908,65190,65385,65820,65274
461,0,0,18,77348,76909,76095,76085,76755,69866,68706,69239,68824,68712,77605,76905,76393,76853,76439,66355,65640,65837,66268,65732
462,1,0,18,76766,76350,75533,75530,76179,69401,68249,68779,68368,68240,77025,76325,75821,76270,75885,65912,65194,65394,65807,65269
463,0,0,18,77365,76937,76112,76116,76772,69866,68722,69249,68847,68706,77631,76913,76405,76866,76464,66369,65663,65863,66268,65735
464,1,0,18,76750,76328,75524,75509,76166,69387,68234,68763,68357,68223,77038,76314,75809,76258,75875,65910,65174,65375,65800,65278
465,0,0,18,77333,76888,76095,76079,76741,69830,68692,69214,68815,68680,77607,76894,76395,76834,76439,66350,65621,65827,66259,65718
466,1,0,18,76756,76347,75531,75534,76171,69398,68251,68763,68358,68237,77030,76314,75812,76267,75864,65909,65176,65376,65811,65292
467,0,0,18,77352,76932,76109,76105,76755,69876,68723,69229,68818,68706,77625,76913,76412,76861,76450,66369,65617,65840,66263,65744
468,1,0,18,76760,76341,75504,75513,76162,69396,68232,68748,68373,68213,77041,76318,75803,76254,75881,65924,65163,65370,65785,65262
469,0,0,18,77355,76928,76085,76079,76748,69856,68712,69221,68838,68683,77629,76915,76394,76844,76465,66376,65626,65830,66242,65724
470,1,0,18,76750,76346,75512,75527,76171,69400,68243,68760,68367,68221,77039,76322,75806,76263,75872,65911,65173,65385,65785,65272
471,0,0,18,77340,76920,76108,76101,76766,69864,68710,69227,68843,68694,77630,76908,76400,76860,76452,66364,65644,65847,66248,65734
472,1,0,18,76754,76340,75525,75522,76193,69399,68248,68768,68352,68226,77042,76314,75804,76284,75887,65934,65186,65376,65797,65270
473,0,0,18,77360,76934,76106,76109,76792,69874,68727,69233,68834,68702,77652,76911,76413,76887,76471,66396,65651,65847,66260,65747
474,1,0,18,76762,76363,75534,75540,76192,69410,68251,68744,68361,68235,77049,76331,75792,76292,75886,65937,65196,65389,65783,65285
475,0,0,18,77350,76943,76103,76098,76766,69864,68721,69204,68821,68698,77621,76911,76390,76867,76463,66392,65638,65841,66231,65734
476,1,0,18,76769,76347,75534,75536,76186,69419,68261,68758,68368,68243,77029,76338,75816,76273,75902,65942,65194,65410,65806,65298
477,0,0,18,77366,76925,76119,76103,76776,69874,68730,69226,68825,68709,77626,76910,76404,76869,76482,66400,65651,65871,66279,65745
478,1,0,18,76761,76346,75510,75522,76178,69403,68256,68748,68354,68234,77025,76312,75803,76274,75875,65917,65189,65382,65785,65283
479,0,0,18,77370,76931,76099,76093,76779,69872,68736,69226,68838,68725,77624,76902,76395,76877,76459,66393,65654,65852,66246,65756
480,1,0,18,76772,76360,75546,75534,76185,69404,68249,68773,68370,68236,77047,76326,75820,76292,75894,65934,65187,65388,65794,65273
481,0,0,18,77358,76934,76109,76092,76779,69864,68710,69240,68848,68712,77627,76912,76406,76880,76467,66377,65646,65843,66265,65740
482,1,0,18,76756,76334,75520,75512,76172,69385,68238,68766,68349,68241,77025,76318,75802,76281,75870,65908,65157,65378,65782,65260
483,0,0,18,77353,76895,76081,76080,76748,69842,68697,69230,68812,68698,77615,76889,76385,76853,76438,66356,65614,65822,66230,65715
484,1,0,18,76774,76349,75539,75526,76200,69407,68265,68784,68386,68256,77038,76342,75820,76273,75901,65930,65203,65412,65814,65296
485,0,0,18,77364,76924,76131,76092,76774,69863,68735,69241,68848,68714,77617,76923,76402,76865,76469,66380,65648,65867,66273,65756
486,1,0,18,76754,76353,75541,75523,76194,69380,68254,68769,68373,68226,77044,76342,75814,76282,75884,65922,65196,65380,65796,65288
487,0,0,18,77352,76937,76104,76088,76776,69850,68711,69226,68846,68700,77625,76920,76394,76864,76462,66373,65644,65844,66258,65744
488,1,0,18,76773,76356,75534,75506,76180,69401,68253,68770,68379,68216,77047,76338,75809,76302,75885,65913,65193,65392,65812,65287
489,0,0,18,77354,76915,76106,76073,76748,69856,68709,69229,68849,68684,77611,76915,76383,76877,76447,66358,65633,65828,66264,65739
490,1,0,18,76768,76355,75517,75513,76168,69391,68246,68758,68358,68211,77044,76329,75784,76268,75860,65914,65178,65372,65797,65270
491,0,0,18,77351,76925,76095,76080,76760,69853,68707,69228,68838,68681,77627,76912,76389,76869,76449,66367,65634,65828,66265,65737
492,1,0,18,76777,76350,75519,75516,76186,69387,68231,68764,68363,68228,77055,76325,75805,76272,75868,65923,65190,65387,65803,65266
493,0,0,18,77371,76929,76092,76089,76763,69854,68702,69223,68825,68695,77631,76921,76378,76858,76444,66374,65644,65841,66272,65725
494,1,0,18,76767,76366,75525,75506,76189,69393,68256,68761,68371,68218,77037,76334,75797,76285,75873,65927,65189,65379,65796,65270
495,0,0,18,77351,76936,76108,76082,76770,69849,68715,69226,68834,68682,77625,76912,76399,76870,76452,66379,65631,65840,66255,65731
496,1,0,18,76771,76355,75526,75507,76178,69394,68245,68742,68382,68226,77030,76348,75803,76282,75866,65922,65183,65382,65794,65257
497,0,0,18,77369,76930,76085,76074,76765,69852,68702,69221,68852,68682,77612,76930,76391,76866,76445,66381,65638,65826,66243,65713
498,1,0,18,76795,76358,75527,75528,76204,69415,68268,68764,68364,68237,77042,76338,75834,76302,75884,65944,65211,65405,65823,65295
499,0,0,18,77383,76925,76099,76099,76789,69882,68737,69240,68836,68713,77628,76921,76413,76884,76471,66413,65668,65861,66272,65746
